/*
 Navicat Premium Data Transfer

 Source Server         : MySQL
 Source Server Type    : MySQL
 Source Server Version : 50718
 Source Host           : localhost
 Source Database       : MYSITE_DB

 Target Server Type    : MySQL
 Target Server Version : 50718
 File Encoding         : utf-8

 Date: 09/04/2017 10:01:51 AM
*/

SET NAMES utf8mb4;
SET FOREIGN_KEY_CHECKS = 0;

-- ----------------------------
--  Table structure for `auth_group`
-- ----------------------------
DROP TABLE IF EXISTS `auth_group`;
CREATE TABLE `auth_group` (
  `id` int(11) NOT NULL AUTO_INCREMENT,
  `name` varchar(80) NOT NULL,
  PRIMARY KEY (`id`),
  UNIQUE KEY `name` (`name`)
) ENGINE=InnoDB DEFAULT CHARSET=utf8;

-- ----------------------------
--  Table structure for `auth_group_permissions`
-- ----------------------------
DROP TABLE IF EXISTS `auth_group_permissions`;
CREATE TABLE `auth_group_permissions` (
  `id` int(11) NOT NULL AUTO_INCREMENT,
  `group_id` int(11) NOT NULL,
  `permission_id` int(11) NOT NULL,
  PRIMARY KEY (`id`),
  UNIQUE KEY `auth_group_permissions_group_id_permission_id_0cd325b0_uniq` (`group_id`,`permission_id`),
  KEY `auth_group_permissio_permission_id_84c5c92e_fk_auth_perm` (`permission_id`),
  CONSTRAINT `auth_group_permissio_permission_id_84c5c92e_fk_auth_perm` FOREIGN KEY (`permission_id`) REFERENCES `auth_permission` (`id`),
  CONSTRAINT `auth_group_permissions_group_id_b120cbf9_fk_auth_group_id` FOREIGN KEY (`group_id`) REFERENCES `auth_group` (`id`)
) ENGINE=InnoDB DEFAULT CHARSET=utf8;

-- ----------------------------
--  Table structure for `auth_permission`
-- ----------------------------
DROP TABLE IF EXISTS `auth_permission`;
CREATE TABLE `auth_permission` (
  `id` int(11) NOT NULL AUTO_INCREMENT,
  `name` varchar(255) NOT NULL,
  `content_type_id` int(11) NOT NULL,
  `codename` varchar(100) NOT NULL,
  PRIMARY KEY (`id`),
  UNIQUE KEY `auth_permission_content_type_id_codename_01ab375a_uniq` (`content_type_id`,`codename`),
  CONSTRAINT `auth_permission_content_type_id_2f476e4b_fk_django_co` FOREIGN KEY (`content_type_id`) REFERENCES `django_content_type` (`id`)
) ENGINE=InnoDB AUTO_INCREMENT=49 DEFAULT CHARSET=utf8;

-- ----------------------------
--  Records of `auth_permission`
-- ----------------------------
BEGIN;
INSERT INTO `auth_permission` VALUES ('1', 'Can add user', '1', 'add_user'), ('2', 'Can change user', '1', 'change_user'), ('3', 'Can delete user', '1', 'delete_user'), ('4', 'Can add collage', '2', 'add_collage'), ('5', 'Can change collage', '2', 'change_collage'), ('6', 'Can delete collage', '2', 'delete_collage'), ('7', 'Can add d_city', '3', 'add_d_city'), ('8', 'Can change d_city', '3', 'change_d_city'), ('9', 'Can delete d_city', '3', 'delete_d_city'), ('10', 'Can add d_industrial', '4', 'add_d_industrial'), ('11', 'Can change d_industrial', '4', 'change_d_industrial'), ('12', 'Can delete d_industrial', '4', 'delete_d_industrial'), ('13', 'Can add d_province', '5', 'add_d_province'), ('14', 'Can change d_province', '5', 'change_d_province'), ('15', 'Can delete d_province', '5', 'delete_d_province'), ('16', 'Can add organization', '6', 'add_organization'), ('17', 'Can change organization', '6', 'change_organization'), ('18', 'Can delete organization', '6', 'delete_organization'), ('19', 'Can add specialty', '7', 'add_specialty'), ('20', 'Can change specialty', '7', 'change_specialty'), ('21', 'Can delete specialty', '7', 'delete_specialty'), ('22', 'Can add user_author', '8', 'add_user_author'), ('23', 'Can change user_author', '8', 'change_user_author'), ('24', 'Can delete user_author', '8', 'delete_user_author'), ('25', 'Can add user_edu', '9', 'add_user_edu'), ('26', 'Can change user_edu', '9', 'change_user_edu'), ('27', 'Can delete user_edu', '9', 'delete_user_edu'), ('28', 'Can add user_history', '10', 'add_user_history'), ('29', 'Can change user_history', '10', 'change_user_history'), ('30', 'Can delete user_history', '10', 'delete_user_history'), ('31', 'Can add log entry', '11', 'add_logentry'), ('32', 'Can change log entry', '11', 'change_logentry'), ('33', 'Can delete log entry', '11', 'delete_logentry'), ('34', 'Can add permission', '12', 'add_permission'), ('35', 'Can change permission', '12', 'change_permission'), ('36', 'Can delete permission', '12', 'delete_permission'), ('37', 'Can add group', '13', 'add_group'), ('38', 'Can change group', '13', 'change_group'), ('39', 'Can delete group', '13', 'delete_group'), ('40', 'Can add content type', '14', 'add_contenttype'), ('41', 'Can change content type', '14', 'change_contenttype'), ('42', 'Can delete content type', '14', 'delete_contenttype'), ('43', 'Can add session', '15', 'add_session'), ('44', 'Can change session', '15', 'change_session'), ('45', 'Can delete session', '15', 'delete_session'), ('46', 'Can add d_country', '16', 'add_d_country'), ('47', 'Can change d_country', '16', 'change_d_country'), ('48', 'Can delete d_country', '16', 'delete_d_country');
COMMIT;

-- ----------------------------
--  Table structure for `django_admin_log`
-- ----------------------------
DROP TABLE IF EXISTS `django_admin_log`;
CREATE TABLE `django_admin_log` (
  `id` int(11) NOT NULL AUTO_INCREMENT,
  `action_time` datetime(6) NOT NULL,
  `object_id` longtext,
  `object_repr` varchar(200) NOT NULL,
  `action_flag` smallint(5) unsigned NOT NULL,
  `change_message` longtext NOT NULL,
  `content_type_id` int(11) DEFAULT NULL,
  `user_id` int(11) NOT NULL,
  PRIMARY KEY (`id`),
  KEY `django_admin_log_content_type_id_c4bce8eb_fk_django_co` (`content_type_id`),
  KEY `django_admin_log_user_id_c564eba6_fk_oneapp_user_user_id` (`user_id`),
  CONSTRAINT `django_admin_log_content_type_id_c4bce8eb_fk_django_co` FOREIGN KEY (`content_type_id`) REFERENCES `django_content_type` (`id`),
  CONSTRAINT `django_admin_log_user_id_c564eba6_fk_oneapp_user_user_id` FOREIGN KEY (`user_id`) REFERENCES `oneapp_user` (`user_id`)
) ENGINE=InnoDB DEFAULT CHARSET=utf8;

-- ----------------------------
--  Table structure for `django_content_type`
-- ----------------------------
DROP TABLE IF EXISTS `django_content_type`;
CREATE TABLE `django_content_type` (
  `id` int(11) NOT NULL AUTO_INCREMENT,
  `app_label` varchar(100) NOT NULL,
  `model` varchar(100) NOT NULL,
  PRIMARY KEY (`id`),
  UNIQUE KEY `django_content_type_app_label_model_76bd3d3b_uniq` (`app_label`,`model`)
) ENGINE=InnoDB AUTO_INCREMENT=17 DEFAULT CHARSET=utf8;

-- ----------------------------
--  Records of `django_content_type`
-- ----------------------------
BEGIN;
INSERT INTO `django_content_type` VALUES ('11', 'admin', 'logentry'), ('13', 'auth', 'group'), ('12', 'auth', 'permission'), ('14', 'contenttypes', 'contenttype'), ('2', 'oneapp', 'collage'), ('3', 'oneapp', 'd_city'), ('16', 'oneapp', 'd_country'), ('4', 'oneapp', 'd_industrial'), ('5', 'oneapp', 'd_province'), ('6', 'oneapp', 'organization'), ('7', 'oneapp', 'specialty'), ('1', 'oneapp', 'user'), ('8', 'oneapp', 'user_author'), ('9', 'oneapp', 'user_edu'), ('10', 'oneapp', 'user_history'), ('15', 'sessions', 'session');
COMMIT;

-- ----------------------------
--  Table structure for `django_migrations`
-- ----------------------------
DROP TABLE IF EXISTS `django_migrations`;
CREATE TABLE `django_migrations` (
  `id` int(11) NOT NULL AUTO_INCREMENT,
  `app` varchar(255) NOT NULL,
  `name` varchar(255) NOT NULL,
  `applied` datetime(6) NOT NULL,
  PRIMARY KEY (`id`)
) ENGINE=InnoDB AUTO_INCREMENT=45 DEFAULT CHARSET=utf8;

-- ----------------------------
--  Records of `django_migrations`
-- ----------------------------
BEGIN;
INSERT INTO `django_migrations` VALUES ('1', 'oneapp', '0001_initial', '2017-06-27 12:53:18.563829'), ('2', 'contenttypes', '0001_initial', '2017-06-27 12:53:18.600115'), ('3', 'admin', '0001_initial', '2017-06-27 12:53:18.689783'), ('4', 'admin', '0002_logentry_remove_auto_add', '2017-06-27 12:53:18.745213'), ('5', 'contenttypes', '0002_remove_content_type_name', '2017-06-27 12:53:18.823996'), ('6', 'auth', '0001_initial', '2017-06-27 12:53:19.048043'), ('7', 'auth', '0002_alter_permission_name_max_length', '2017-06-27 12:53:19.080984'), ('8', 'auth', '0003_alter_user_email_max_length', '2017-06-27 12:53:19.094098'), ('9', 'auth', '0004_alter_user_username_opts', '2017-06-27 12:53:19.109385'), ('10', 'auth', '0005_alter_user_last_login_null', '2017-06-27 12:53:19.122072'), ('11', 'auth', '0006_require_contenttypes_0002', '2017-06-27 12:53:19.127254'), ('12', 'auth', '0007_alter_validators_add_error_messages', '2017-06-27 12:53:19.138872'), ('13', 'auth', '0008_alter_user_username_max_length', '2017-06-27 12:53:19.151924'), ('14', 'sessions', '0001_initial', '2017-06-27 12:53:19.186324'), ('15', 'oneapp', '0002_auto_20170627_1256', '2017-06-27 12:56:23.214572'), ('16', 'oneapp', '0003_auto_20170627_1306', '2017-06-27 13:06:48.210855'), ('17', 'oneapp', '0004_auto_20170627_1312', '2017-06-27 13:12:59.707968'), ('18', 'oneapp', '0005_auto_20170627_1315', '2017-06-27 13:15:50.843786'), ('19', 'oneapp', '0006_auto_20170627_1317', '2017-06-27 13:17:30.605774'), ('20', 'oneapp', '0007_auto_20170627_1318', '2017-06-27 13:18:47.144201'), ('21', 'oneapp', '0008_auto_20170627_1319', '2017-06-27 13:24:48.035746'), ('22', 'oneapp', '0009_auto_20170627_1320', '2017-06-27 13:24:48.065957'), ('23', 'oneapp', '0010_auto_20170627_1324', '2017-06-27 13:24:48.097131'), ('24', 'oneapp', '0011_auto_20170627_1359', '2017-06-27 13:59:48.248647'), ('25', 'oneapp', '0012_auto_20170628_0137', '2017-06-28 01:37:50.707116'), ('26', 'oneapp', '0013_auto_20170628_0719', '2017-06-28 07:19:27.466665'), ('27', 'oneapp', '0014_auto_20170628_1227', '2017-06-28 12:27:35.265256'), ('28', 'oneapp', '0015_auto_20170628_1416', '2017-06-28 14:16:29.682105'), ('29', 'oneapp', '0016_auto_20170628_1440', '2017-06-28 14:41:06.483732'), ('30', 'oneapp', '0002_auto_20170629_0215', '2017-06-29 02:15:29.735037'), ('31', 'oneapp', '0003_auto_20170629_0218', '2017-06-29 02:18:50.410170'), ('32', 'oneapp', '0004_auto_20170629_0221', '2017-06-29 02:21:52.504663'), ('33', 'oneapp', '0005_auto_20170630_1334', '2017-06-30 13:34:59.092463'), ('34', 'oneapp', '0006_auto_20170630_1348', '2017-06-30 13:48:48.881573'), ('35', 'oneapp', '0007_auto_20170630_1350', '2017-06-30 13:50:45.473568'), ('36', 'oneapp', '0008_auto_20170630_1441', '2017-06-30 14:41:52.160883'), ('37', 'oneapp', '0009_auto_20170701_0133', '2017-07-01 01:33:40.204333'), ('38', 'oneapp', '0010_auto_20170701_0216', '2017-07-01 02:16:45.815595'), ('39', 'oneapp', '0002_auto_20170702_0916', '2017-07-02 09:17:09.643609'), ('40', 'oneapp', '0003_auto_20170712_0433', '2017-07-12 04:33:49.123183'), ('41', 'oneapp', '0004_auto_20170901_1037', '2017-09-01 10:38:10.442710'), ('42', 'oneapp', '0005_auto_20170901_1041', '2017-09-01 10:41:10.713553'), ('43', 'oneapp', '0006_auto_20170901_1042', '2017-09-01 10:42:57.724563'), ('44', 'oneapp', '0007_auto_20170901_1043', '2017-09-01 10:43:39.226491');
COMMIT;

-- ----------------------------
--  Table structure for `django_session`
-- ----------------------------
DROP TABLE IF EXISTS `django_session`;
CREATE TABLE `django_session` (
  `session_key` varchar(40) NOT NULL,
  `session_data` longtext NOT NULL,
  `expire_date` datetime(6) NOT NULL,
  PRIMARY KEY (`session_key`),
  KEY `django_session_expire_date_a5c62663` (`expire_date`)
) ENGINE=InnoDB DEFAULT CHARSET=utf8;

-- ----------------------------
--  Table structure for `oneapp_collage`
-- ----------------------------
DROP TABLE IF EXISTS `oneapp_collage`;
CREATE TABLE `oneapp_collage` (
  `collage_id` int(11) NOT NULL AUTO_INCREMENT,
  `create_time` datetime(6) NOT NULL,
  `update_time` datetime(6) NOT NULL,
  `collage_name_cn` varchar(50) DEFAULT NULL,
  `collage_name_es` varchar(100) DEFAULT NULL,
  `collage_desc` varchar(100) DEFAULT NULL,
  `collage_name_history` varchar(100) DEFAULT NULL,
  PRIMARY KEY (`collage_id`)
) ENGINE=InnoDB AUTO_INCREMENT=22 DEFAULT CHARSET=utf8;

-- ----------------------------
--  Records of `oneapp_collage`
-- ----------------------------
BEGIN;
INSERT INTO `oneapp_collage` VALUES ('1', '2017-06-28 01:25:20.718915', '2017-06-28 01:25:20.726357', '材料科学与工程学院', 'college material science and engineering school', null, null), ('2', '2017-06-28 01:37:56.986462', '2017-06-28 01:37:56.987341', '电气工程与信息工程学院', 'college school of electrical engineering and information engineering', null, null), ('3', '2017-06-28 01:37:56.997296', '2017-06-28 01:37:56.998040', '机电工程学院', 'college mechanical and electrical engineering', null, null), ('4', '2017-06-28 01:37:56.999979', '2017-06-28 01:37:57.000703', '理学院', 'college college of science', null, null), ('5', '2017-06-28 01:37:57.002350', '2017-06-28 01:37:57.002983', '生命科学与工程学院科学与工程学院', 'college school of life science and engineering', null, null), ('6', '2017-06-28 01:37:57.004567', '2017-06-28 01:37:57.005180', '设计艺术学院', 'college design art institute', null, null), ('7', '2017-06-28 01:37:57.006631', '2017-06-28 01:37:57.007093', '文学院 国际教育学院', 'college international institute of education', null, null), ('8', '2017-06-28 01:37:57.009298', '2017-06-28 01:37:57.009854', '法学院', 'college law school', null, null), ('9', '2017-06-28 01:37:57.011287', '2017-06-28 01:37:57.011919', '马克思主义学院', 'college academy of marxism', null, null), ('10', '2017-06-28 01:37:57.013514', '2017-06-28 01:37:57.014313', '继续教育学院', 'college continuing education', null, null), ('11', '2017-06-28 01:37:57.015925', '2017-06-28 01:37:57.016581', '机械工程实践教学中心', '', null, null), ('12', '2017-06-28 01:37:57.018350', '2017-06-28 01:37:57.019018', '能源与动力工程学院', 'college school of energy and power engineering', null, null), ('13', '2017-06-28 01:37:57.020747', '2017-06-28 01:37:57.021402', '计算机与通信学院', 'college school of computer and communications', null, null), ('14', '2017-06-28 01:37:57.023434', '2017-06-28 01:37:57.024470', '石油化工学院', 'college petrochemical institute', null, null), ('15', '2017-06-28 01:37:57.026192', '2017-06-28 01:37:57.026661', '土木工程学院', 'college civil engineering college', null, null), ('16', '2017-06-28 01:37:57.027945', '2017-06-28 01:37:57.028561', '经济管理学院', 'college school of economics and management', null, null), ('17', '2017-06-28 01:37:57.030141', '2017-06-28 01:37:57.030774', '外国语学院', 'college foreign language school', null, null), ('18', '2017-06-28 01:37:57.032515', '2017-06-28 01:37:57.033183', '软件学院', 'college software college', null, null), ('19', '2017-06-28 01:37:57.034878', '2017-06-28 01:37:57.035400', '体育教学研究部', 'college department of physical education and teaching', null, null), ('20', '2017-06-28 01:37:57.037029', '2017-06-28 01:37:57.037607', 'MBA/MPAcc教育中心', 'college mba / mpacc education center', null, null), ('21', '2017-06-28 01:37:57.039302', '2017-06-28 01:37:57.039864', '新能源学院（酒泉）', 'college new energy college (jiuquan)', null, null);
COMMIT;

-- ----------------------------
--  Table structure for `oneapp_collage_specialty`
-- ----------------------------
DROP TABLE IF EXISTS `oneapp_collage_specialty`;
CREATE TABLE `oneapp_collage_specialty` (
  `id` int(11) NOT NULL AUTO_INCREMENT,
  `collage_id` int(11) NOT NULL,
  `specialty_id` int(11) NOT NULL,
  PRIMARY KEY (`id`),
  UNIQUE KEY `oneapp_collage_specialty_collage_id_specialty_id_68e1b449_uniq` (`collage_id`,`specialty_id`),
  KEY `oneapp_collage_speci_specialty_id_c46d0ecd_fk_oneapp_sp` (`specialty_id`),
  CONSTRAINT `oneapp_collage_speci_collage_id_861fdb36_fk_oneapp_co` FOREIGN KEY (`collage_id`) REFERENCES `oneapp_collage` (`collage_id`),
  CONSTRAINT `oneapp_collage_speci_specialty_id_c46d0ecd_fk_oneapp_sp` FOREIGN KEY (`specialty_id`) REFERENCES `oneapp_specialty` (`specialty_id`)
) ENGINE=InnoDB AUTO_INCREMENT=71 DEFAULT CHARSET=utf8;

-- ----------------------------
--  Records of `oneapp_collage_specialty`
-- ----------------------------
BEGIN;
INSERT INTO `oneapp_collage_specialty` VALUES ('1', '1', '1'), ('2', '1', '2'), ('3', '1', '3'), ('4', '1', '4'), ('5', '1', '5'), ('6', '1', '6'), ('7', '2', '7'), ('8', '2', '8'), ('9', '2', '9'), ('10', '3', '10'), ('11', '3', '11'), ('12', '3', '12'), ('13', '3', '13'), ('14', '3', '14'), ('15', '4', '15'), ('16', '4', '16'), ('17', '4', '17'), ('18', '5', '18'), ('19', '5', '19'), ('20', '5', '20'), ('21', '6', '21'), ('22', '6', '22'), ('23', '6', '23'), ('24', '6', '24'), ('25', '6', '25'), ('26', '6', '26'), ('27', '7', '27'), ('28', '7', '28'), ('29', '7', '29'), ('30', '8', '30'), ('31', '8', '31'), ('32', '9', '32'), ('33', '9', '33'), ('34', '9', '34'), ('35', '9', '35'), ('36', '9', '36'), ('37', '10', '37'), ('38', '10', '38'), ('39', '12', '39'), ('40', '12', '40'), ('41', '12', '41'), ('42', '12', '42'), ('43', '12', '43'), ('44', '13', '44'), ('45', '13', '45'), ('46', '13', '46'), ('47', '13', '47'), ('48', '14', '48'), ('49', '14', '49'), ('50', '14', '50'), ('51', '14', '51'), ('52', '14', '52'), ('53', '15', '53'), ('54', '15', '54'), ('55', '15', '55'), ('56', '15', '56'), ('57', '15', '57'), ('58', '15', '58'), ('59', '15', '59'), ('60', '15', '60'), ('61', '16', '61'), ('62', '16', '62'), ('63', '16', '63'), ('64', '16', '64'), ('65', '16', '65'), ('66', '16', '66'), ('67', '16', '67'), ('68', '17', '68'), ('69', '17', '69'), ('70', '17', '70');
COMMIT;

-- ----------------------------
--  Table structure for `oneapp_d_city`
-- ----------------------------
DROP TABLE IF EXISTS `oneapp_d_city`;
CREATE TABLE `oneapp_d_city` (
  `city_id` int(11) NOT NULL AUTO_INCREMENT,
  `n_city_id` int(11) NOT NULL,
  `city_name` varchar(20) NOT NULL,
  `n_province_id` int(11) DEFAULT NULL,
  PRIMARY KEY (`city_id`),
  KEY `oneapp_d_city_n_province_id_8f8cd4ae_fk_oneapp_d_` (`n_province_id`),
  CONSTRAINT `oneapp_d_city_n_province_id_8f8cd4ae_fk_oneapp_d_` FOREIGN KEY (`n_province_id`) REFERENCES `oneapp_d_province` (`n_province_id`)
) ENGINE=InnoDB AUTO_INCREMENT=346 DEFAULT CHARSET=utf8;

-- ----------------------------
--  Records of `oneapp_d_city`
-- ----------------------------
BEGIN;
INSERT INTO `oneapp_d_city` VALUES ('1', '110100', '市辖区', '110000'), ('2', '110200', '县', '110000'), ('3', '120100', '市辖区', '120000'), ('4', '120200', '县', '120000'), ('5', '130100', '石家庄市', '130000'), ('6', '130200', '唐山市', '130000'), ('7', '130300', '秦皇岛市', '130000'), ('8', '130400', '邯郸市', '130000'), ('9', '130500', '邢台市', '130000'), ('10', '130600', '保定市', '130000'), ('11', '130700', '张家口市', '130000'), ('12', '130800', '承德市', '130000'), ('13', '130900', '沧州市', '130000'), ('14', '131000', '廊坊市', '130000'), ('15', '131100', '衡水市', '130000'), ('16', '140100', '太原市', '140000'), ('17', '140200', '大同市', '140000'), ('18', '140300', '阳泉市', '140000'), ('19', '140400', '长治市', '140000'), ('20', '140500', '晋城市', '140000'), ('21', '140600', '朔州市', '140000'), ('22', '140700', '晋中市', '140000'), ('23', '140800', '运城市', '140000'), ('24', '140900', '忻州市', '140000'), ('25', '141000', '临汾市', '140000'), ('26', '141100', '吕梁市', '140000'), ('27', '150100', '呼和浩特市', '150000'), ('28', '150200', '包头市', '150000'), ('29', '150300', '乌海市', '150000'), ('30', '150400', '赤峰市', '150000'), ('31', '150500', '通辽市', '150000'), ('32', '150600', '鄂尔多斯市', '150000'), ('33', '150700', '呼伦贝尔市', '150000'), ('34', '150800', '巴彦淖尔市', '150000'), ('35', '150900', '乌兰察布市', '150000'), ('36', '152200', '兴安盟', '150000'), ('37', '152500', '锡林郭勒盟', '150000'), ('38', '152900', '阿拉善盟', '150000'), ('39', '210100', '沈阳市', '210000'), ('40', '210200', '大连市', '210000'), ('41', '210300', '鞍山市', '210000'), ('42', '210400', '抚顺市', '210000'), ('43', '210500', '本溪市', '210000'), ('44', '210600', '丹东市', '210000'), ('45', '210700', '锦州市', '210000'), ('46', '210800', '营口市', '210000'), ('47', '210900', '阜新市', '210000'), ('48', '211000', '辽阳市', '210000'), ('49', '211100', '盘锦市', '210000'), ('50', '211200', '铁岭市', '210000'), ('51', '211300', '朝阳市', '210000'), ('52', '211400', '葫芦岛市', '210000'), ('53', '220100', '长春市', '220000'), ('54', '220200', '吉林市', '220000'), ('55', '220300', '四平市', '220000'), ('56', '220400', '辽源市', '220000'), ('57', '220500', '通化市', '220000'), ('58', '220600', '白山市', '220000'), ('59', '220700', '松原市', '220000'), ('60', '220800', '白城市', '220000'), ('61', '222400', '延边朝鲜族自治州', '220000'), ('62', '230100', '哈尔滨市', '230000'), ('63', '230200', '齐齐哈尔市', '230000'), ('64', '230300', '鸡西市', '230000'), ('65', '230400', '鹤岗市', '230000'), ('66', '230500', '双鸭山市', '230000'), ('67', '230600', '大庆市', '230000'), ('68', '230700', '伊春市', '230000'), ('69', '230800', '佳木斯市', '230000'), ('70', '230900', '七台河市', '230000'), ('71', '231000', '牡丹江市', '230000'), ('72', '231100', '黑河市', '230000'), ('73', '231200', '绥化市', '230000'), ('74', '232700', '大兴安岭地区', '230000'), ('75', '310100', '市辖区', '310000'), ('76', '310200', '县', '310000'), ('77', '320100', '南京市', '320000'), ('78', '320200', '无锡市', '320000'), ('79', '320300', '徐州市', '320000'), ('80', '320400', '常州市', '320000'), ('81', '320500', '苏州市', '320000'), ('82', '320600', '南通市', '320000'), ('83', '320700', '连云港市', '320000'), ('84', '320800', '淮安市', '320000'), ('85', '320900', '盐城市', '320000'), ('86', '321000', '扬州市', '320000'), ('87', '321100', '镇江市', '320000'), ('88', '321200', '泰州市', '320000'), ('89', '321300', '宿迁市', '320000'), ('90', '330100', '杭州市', '330000'), ('91', '330200', '宁波市', '330000'), ('92', '330300', '温州市', '330000'), ('93', '330400', '嘉兴市', '330000'), ('94', '330500', '湖州市', '330000'), ('95', '330600', '绍兴市', '330000'), ('96', '330700', '金华市', '330000'), ('97', '330800', '衢州市', '330000'), ('98', '330900', '舟山市', '330000'), ('99', '331000', '台州市', '330000'), ('100', '331100', '丽水市', '330000'), ('101', '340100', '合肥市', '340000'), ('102', '340200', '芜湖市', '340000'), ('103', '340300', '蚌埠市', '340000'), ('104', '340400', '淮南市', '340000'), ('105', '340500', '马鞍山市', '340000'), ('106', '340600', '淮北市', '340000'), ('107', '340700', '铜陵市', '340000'), ('108', '340800', '安庆市', '340000'), ('109', '341000', '黄山市', '340000'), ('110', '341100', '滁州市', '340000'), ('111', '341200', '阜阳市', '340000'), ('112', '341300', '宿州市', '340000'), ('113', '341400', '巢湖市', '340000'), ('114', '341500', '六安市', '340000'), ('115', '341600', '亳州市', '340000'), ('116', '341700', '池州市', '340000'), ('117', '341800', '宣城市', '340000'), ('118', '350100', '福州市', '350000'), ('119', '350200', '厦门市', '350000'), ('120', '350300', '莆田市', '350000'), ('121', '350400', '三明市', '350000'), ('122', '350500', '泉州市', '350000'), ('123', '350600', '漳州市', '350000'), ('124', '350700', '南平市', '350000'), ('125', '350800', '龙岩市', '350000'), ('126', '350900', '宁德市', '350000'), ('127', '360100', '南昌市', '360000'), ('128', '360200', '景德镇市', '360000'), ('129', '360300', '萍乡市', '360000'), ('130', '360400', '九江市', '360000'), ('131', '360500', '新余市', '360000'), ('132', '360600', '鹰潭市', '360000'), ('133', '360700', '赣州市', '360000'), ('134', '360800', '吉安市', '360000'), ('135', '360900', '宜春市', '360000'), ('136', '361000', '抚州市', '360000'), ('137', '361100', '上饶市', '360000'), ('138', '370100', '济南市', '370000'), ('139', '370200', '青岛市', '370000'), ('140', '370300', '淄博市', '370000'), ('141', '370400', '枣庄市', '370000'), ('142', '370500', '东营市', '370000'), ('143', '370600', '烟台市', '370000'), ('144', '370700', '潍坊市', '370000'), ('145', '370800', '济宁市', '370000'), ('146', '370900', '泰安市', '370000'), ('147', '371000', '威海市', '370000'), ('148', '371100', '日照市', '370000'), ('149', '371200', '莱芜市', '370000'), ('150', '371300', '临沂市', '370000'), ('151', '371400', '德州市', '370000'), ('152', '371500', '聊城市', '370000'), ('153', '371600', '滨州市', '370000'), ('154', '371700', '荷泽市', '370000'), ('155', '410100', '郑州市', '410000'), ('156', '410200', '开封市', '410000'), ('157', '410300', '洛阳市', '410000'), ('158', '410400', '平顶山市', '410000'), ('159', '410500', '安阳市', '410000'), ('160', '410600', '鹤壁市', '410000'), ('161', '410700', '新乡市', '410000'), ('162', '410800', '焦作市', '410000'), ('163', '410900', '濮阳市', '410000'), ('164', '411000', '许昌市', '410000'), ('165', '411100', '漯河市', '410000'), ('166', '411200', '三门峡市', '410000'), ('167', '411300', '南阳市', '410000'), ('168', '411400', '商丘市', '410000'), ('169', '411500', '信阳市', '410000'), ('170', '411600', '周口市', '410000'), ('171', '411700', '驻马店市', '410000'), ('172', '420100', '武汉市', '420000'), ('173', '420200', '黄石市', '420000'), ('174', '420300', '十堰市', '420000'), ('175', '420500', '宜昌市', '420000'), ('176', '420600', '襄樊市', '420000'), ('177', '420700', '鄂州市', '420000'), ('178', '420800', '荆门市', '420000'), ('179', '420900', '孝感市', '420000'), ('180', '421000', '荆州市', '420000'), ('181', '421100', '黄冈市', '420000'), ('182', '421200', '咸宁市', '420000'), ('183', '421300', '随州市', '420000'), ('184', '422800', '恩施土家族苗族自治州', '420000'), ('185', '429000', '省直辖行政单位', '420000'), ('186', '430100', '长沙市', '430000'), ('187', '430200', '株洲市', '430000'), ('188', '430300', '湘潭市', '430000'), ('189', '430400', '衡阳市', '430000'), ('190', '430500', '邵阳市', '430000'), ('191', '430600', '岳阳市', '430000'), ('192', '430700', '常德市', '430000'), ('193', '430800', '张家界市', '430000'), ('194', '430900', '益阳市', '430000'), ('195', '431000', '郴州市', '430000'), ('196', '431100', '永州市', '430000'), ('197', '431200', '怀化市', '430000'), ('198', '431300', '娄底市', '430000'), ('199', '433100', '湘西土家族苗族自治州', '430000'), ('200', '440100', '广州市', '440000'), ('201', '440200', '韶关市', '440000'), ('202', '440300', '深圳市', '440000'), ('203', '440400', '珠海市', '440000'), ('204', '440500', '汕头市', '440000'), ('205', '440600', '佛山市', '440000'), ('206', '440700', '江门市', '440000'), ('207', '440800', '湛江市', '440000'), ('208', '440900', '茂名市', '440000'), ('209', '441200', '肇庆市', '440000'), ('210', '441300', '惠州市', '440000'), ('211', '441400', '梅州市', '440000'), ('212', '441500', '汕尾市', '440000'), ('213', '441600', '河源市', '440000'), ('214', '441700', '阳江市', '440000'), ('215', '441800', '清远市', '440000'), ('216', '441900', '东莞市', '440000'), ('217', '442000', '中山市', '440000'), ('218', '445100', '潮州市', '440000'), ('219', '445200', '揭阳市', '440000'), ('220', '445300', '云浮市', '440000'), ('221', '450100', '南宁市', '450000'), ('222', '450200', '柳州市', '450000'), ('223', '450300', '桂林市', '450000'), ('224', '450400', '梧州市', '450000'), ('225', '450500', '北海市', '450000'), ('226', '450600', '防城港市', '450000'), ('227', '450700', '钦州市', '450000'), ('228', '450800', '贵港市', '450000'), ('229', '450900', '玉林市', '450000'), ('230', '451000', '百色市', '450000'), ('231', '451100', '贺州市', '450000'), ('232', '451200', '河池市', '450000'), ('233', '451300', '来宾市', '450000'), ('234', '451400', '崇左市', '450000'), ('235', '460100', '海口市', '460000'), ('236', '460200', '三亚市', '460000'), ('237', '469000', '省直辖县级行政单位', '460000'), ('238', '500100', '市辖区', '500000'), ('239', '500200', '县', '500000'), ('240', '500300', '市', '500000'), ('241', '510100', '成都市', '510000'), ('242', '510300', '自贡市', '510000'), ('243', '510400', '攀枝花市', '510000'), ('244', '510500', '泸州市', '510000'), ('245', '510600', '德阳市', '510000'), ('246', '510700', '绵阳市', '510000'), ('247', '510800', '广元市', '510000'), ('248', '510900', '遂宁市', '510000'), ('249', '511000', '内江市', '510000'), ('250', '511100', '乐山市', '510000'), ('251', '511300', '南充市', '510000'), ('252', '511400', '眉山市', '510000'), ('253', '511500', '宜宾市', '510000'), ('254', '511600', '广安市', '510000'), ('255', '511700', '达州市', '510000'), ('256', '511800', '雅安市', '510000'), ('257', '511900', '巴中市', '510000'), ('258', '512000', '资阳市', '510000'), ('259', '513200', '阿坝藏族羌族自治州', '510000'), ('260', '513300', '甘孜藏族自治州', '510000'), ('261', '513400', '凉山彝族自治州', '510000'), ('262', '520100', '贵阳市', '520000'), ('263', '520200', '六盘水市', '520000'), ('264', '520300', '遵义市', '520000'), ('265', '520400', '安顺市', '520000'), ('266', '522200', '铜仁地区', '520000'), ('267', '522300', '黔西南布依族苗族自治州', '520000'), ('268', '522400', '毕节地区', '520000'), ('269', '522600', '黔东南苗族侗族自治州', '520000'), ('270', '522700', '黔南布依族苗族自治州', '520000'), ('271', '530100', '昆明市', '530000'), ('272', '530300', '曲靖市', '530000'), ('273', '530400', '玉溪市', '530000'), ('274', '530500', '保山市', '530000'), ('275', '530600', '昭通市', '530000'), ('276', '530700', '丽江市', '530000'), ('277', '530800', '思茅市', '530000'), ('278', '530900', '临沧市', '530000'), ('279', '532300', '楚雄彝族自治州', '530000'), ('280', '532500', '红河哈尼族彝族自治州', '530000'), ('281', '532600', '文山壮族苗族自治州', '530000'), ('282', '532800', '西双版纳傣族自治州', '530000'), ('283', '532900', '大理白族自治州', '530000'), ('284', '533100', '德宏傣族景颇族自治州', '530000'), ('285', '533300', '怒江傈僳族自治州', '530000'), ('286', '533400', '迪庆藏族自治州', '530000'), ('287', '540100', '拉萨市', '540000'), ('288', '542100', '昌都地区', '540000'), ('289', '542200', '山南地区', '540000'), ('290', '542300', '日喀则地区', '540000'), ('291', '542400', '那曲地区', '540000'), ('292', '542500', '阿里地区', '540000'), ('293', '542600', '林芝地区', '540000'), ('294', '610100', '西安市', '610000'), ('295', '610200', '铜川市', '610000'), ('296', '610300', '宝鸡市', '610000'), ('297', '610400', '咸阳市', '610000'), ('298', '610500', '渭南市', '610000'), ('299', '610600', '延安市', '610000'), ('300', '610700', '汉中市', '610000'), ('301', '610800', '榆林市', '610000'), ('302', '610900', '安康市', '610000'), ('303', '611000', '商洛市', '610000'), ('304', '620100', '兰州市', '620000'), ('305', '620200', '嘉峪关市', '620000'), ('306', '620300', '金昌市', '620000'), ('307', '620400', '白银市', '620000'), ('308', '620500', '天水市', '620000'), ('309', '620600', '武威市', '620000'), ('310', '620700', '张掖市', '620000'), ('311', '620800', '平凉市', '620000'), ('312', '620900', '酒泉市', '620000'), ('313', '621000', '庆阳市', '620000'), ('314', '621100', '定西市', '620000'), ('315', '621200', '陇南市', '620000'), ('316', '622900', '临夏回族自治州', '620000'), ('317', '623000', '甘南藏族自治州', '620000'), ('318', '630100', '西宁市', '630000'), ('319', '632100', '海东地区', '630000'), ('320', '632200', '海北藏族自治州', '630000'), ('321', '632300', '黄南藏族自治州', '630000'), ('322', '632500', '海南藏族自治州', '630000'), ('323', '632600', '果洛藏族自治州', '630000'), ('324', '632700', '玉树藏族自治州', '630000'), ('325', '632800', '海西蒙古族藏族自治州', '630000'), ('326', '640100', '银川市', '640000'), ('327', '640200', '石嘴山市', '640000'), ('328', '640300', '吴忠市', '640000'), ('329', '640400', '固原市', '640000'), ('330', '640500', '中卫市', '640000'), ('331', '650100', '乌鲁木齐市', '650000'), ('332', '650200', '克拉玛依市', '650000'), ('333', '652100', '吐鲁番地区', '650000'), ('334', '652200', '哈密地区', '650000'), ('335', '652300', '昌吉回族自治州', '650000'), ('336', '652700', '博尔塔拉蒙古自治州', '650000'), ('337', '652800', '巴音郭楞蒙古自治州', '650000'), ('338', '652900', '阿克苏地区', '650000'), ('339', '653000', '克孜勒苏柯尔克孜自治州', '650000'), ('340', '653100', '喀什地区', '650000'), ('341', '653200', '和田地区', '650000'), ('342', '654000', '伊犁哈萨克自治州', '650000'), ('343', '654200', '塔城地区', '650000'), ('344', '654300', '阿勒泰地区', '650000'), ('345', '659000', '省直辖行政单位', '650000');
COMMIT;

-- ----------------------------
--  Table structure for `oneapp_d_country`
-- ----------------------------
DROP TABLE IF EXISTS `oneapp_d_country`;
CREATE TABLE `oneapp_d_country` (
  `country_id` int(11) NOT NULL AUTO_INCREMENT,
  `country_name_es` varchar(100) DEFAULT NULL,
  `country_name_cn` varchar(100) DEFAULT NULL,
  `country_code1` varchar(60) DEFAULT NULL,
  `country_code2` varchar(60) DEFAULT NULL,
  PRIMARY KEY (`country_id`)
) ENGINE=InnoDB DEFAULT CHARSET=utf8;

-- ----------------------------
--  Table structure for `oneapp_d_industrial`
-- ----------------------------
DROP TABLE IF EXISTS `oneapp_d_industrial`;
CREATE TABLE `oneapp_d_industrial` (
  `industrial_id` int(11) NOT NULL AUTO_INCREMENT,
  `grand_code` varchar(1) DEFAULT NULL,
  `grand_name` varchar(32) DEFAULT NULL,
  `father_code` varchar(32) DEFAULT NULL,
  `father_name` varchar(32) DEFAULT NULL,
  `industrial_code` varchar(4) NOT NULL,
  `industrial_name` varchar(32) NOT NULL,
  `industrial_desc` varchar(200) DEFAULT NULL,
  `create_time` datetime(6) NOT NULL,
  `update_time` datetime(6) NOT NULL,
  PRIMARY KEY (`industrial_id`)
) ENGINE=InnoDB AUTO_INCREMENT=596 DEFAULT CHARSET=utf8;

-- ----------------------------
--  Records of `oneapp_d_industrial`
-- ----------------------------
BEGIN;
INSERT INTO `oneapp_d_industrial` VALUES ('1', 'A', '农、林、牧、渔业', '01', '农业', 'A011', '谷物及其他作物的种植', '包括谷物、薯类、油料、豆类、棉花、麻类、糖料、烟草及其他作物的种植。', '2017-06-29 00:38:40.309849', '2017-06-29 00:38:40.311014'), ('2', 'A', '农、林、牧、渔业', '01', '农业', 'A012', '蔬菜、园艺作物的种植', '包括蔬菜、花卉及其他园艺作物的种植。', '2017-06-29 00:38:40.334739', '2017-06-29 00:38:40.335153'), ('3', 'A', '农、林、牧、渔业', '01', '农业', 'A013', '水果、坚果、饮料和香料作物的种植', '包括水果、坚果的种植，茶及其他饮料作物的种植，香料作物的种植。', '2017-06-29 00:38:40.337331', '2017-06-29 00:38:40.337843'), ('4', 'A', '农、林、牧、渔业', '01', '农业', 'A014', '中药材的种植', null, '2017-06-29 00:38:40.340820', '2017-06-29 00:38:40.341236'), ('5', 'A', '农、林、牧、渔业', '02', '林业', 'A021', '林木的培育和种植', '包括育种和育苗，造林，林木的抚育和管理。', '2017-06-29 00:38:40.343229', '2017-06-29 00:38:40.343608'), ('6', 'A', '农、林、牧、渔业', '02', '林业', 'A022', '木材和竹材的采运', '包括木材的采运，竹材的采运。', '2017-06-29 00:38:40.345968', '2017-06-29 00:38:40.346478'), ('7', 'A', '农、林、牧、渔业', '02', '林业', 'A023', '林产品的采集', null, '2017-06-29 00:38:40.348587', '2017-06-29 00:38:40.348953'), ('8', 'A', '农、林、牧、渔业', '03', '畜牧业', 'A031', '牲畜的饲养', null, '2017-06-29 00:38:40.350872', '2017-06-29 00:38:40.351264'), ('9', 'A', '农、林、牧、渔业', '03', '畜牧业', 'A032', '猪的饲养', null, '2017-06-29 00:38:40.353323', '2017-06-29 00:38:40.353682'), ('10', 'A', '农、林、牧、渔业', '03', '畜牧业', 'A033', '家禽的饲养', null, '2017-06-29 00:38:40.355621', '2017-06-29 00:38:40.355999'), ('11', 'A', '农、林、牧、渔业', '03', '畜牧业', 'A034', '狩猎和捕捉动物', null, '2017-06-29 00:38:40.357695', '2017-06-29 00:38:40.358070'), ('12', 'A', '农、林、牧、渔业', '03', '畜牧业', 'A039', '其他畜牧业', null, '2017-06-29 00:38:40.361769', '2017-06-29 00:38:40.362256'), ('13', 'A', '农、林、牧、渔业', '04', '渔业', 'A041', '海洋渔业', '包括海水养殖，海洋捕捞。', '2017-06-29 00:38:40.364486', '2017-06-29 00:38:40.364849'), ('14', 'A', '农、林、牧、渔业', '04', '渔业', 'A042', '内陆渔业', '包括内陆养殖，内陆捕捞。', '2017-06-29 00:38:40.366682', '2017-06-29 00:38:40.367198'), ('15', 'A', '农、林、牧、渔业', '05', '农、林、牧、渔服务业', 'A051', '农业服务业', '包括灌溉服务，农产品初加工服务，其他农业服务。', '2017-06-29 00:38:40.369174', '2017-06-29 00:38:40.369627'), ('16', 'A', '农、林、牧、渔业', '05', '农、林、牧、渔服务业', 'A052', '林业服务业', null, '2017-06-29 00:38:40.372543', '2017-06-29 00:38:40.373008'), ('17', 'A', '农、林、牧、渔业', '05', '农、林、牧、渔服务业', 'A053', '畜牧服务业', '包括兽医服务，其他畜牧服务。', '2017-06-29 00:38:40.375585', '2017-06-29 00:38:40.376318'), ('18', 'A', '农、林、牧、渔业', '05', '农、林、牧、渔服务业', 'A054', '渔业服务业', null, '2017-06-29 00:38:40.383305', '2017-06-29 00:38:40.383771'), ('19', 'B', '采矿业', '06', '煤炭开采和洗选业', 'B061', '烟煤和无烟煤的开采洗选', null, '2017-06-29 00:38:40.386480', '2017-06-29 00:38:40.387068'), ('20', 'B', '采矿业', '06', '煤炭开采和洗选业', 'B062', '褐煤的开采洗选', null, '2017-06-29 00:38:40.389552', '2017-06-29 00:38:40.389939'), ('21', 'B', '采矿业', '06', '煤炭开采和洗选业', 'B069', '其他煤炭采选', null, '2017-06-29 00:38:40.392927', '2017-06-29 00:38:40.393966'), ('22', 'B', '采矿业', '07', '石油和天然气开采业', 'B071', '天然原油和天然气开采', null, '2017-06-29 00:38:40.398729', '2017-06-29 00:38:40.399312'), ('23', 'B', '采矿业', '07', '石油和天然气开采业', 'B079', '与石油和天然气开采有关的服务活动', null, '2017-06-29 00:38:40.402183', '2017-06-29 00:38:40.402609'), ('24', 'B', '采矿业', '08', '黑色金属矿采选业', 'B081', '铁矿采选', null, '2017-06-29 00:38:40.405539', '2017-06-29 00:38:40.406151'), ('25', 'B', '采矿业', '08', '黑色金属矿采选业', 'B089', '其他黑色金属矿采选', null, '2017-06-29 00:38:40.414071', '2017-06-29 00:38:40.415598'), ('26', 'B', '采矿业', '09', '有色金属矿采选业', 'B091', '常用有色金属矿采选', '包括铜矿采选，铅锌矿采选，镍钴矿采选，锡矿采选，锑矿采选，铝矿采选，镁矿采选，其他常用有色金属矿采选。', '2017-06-29 00:38:40.419244', '2017-06-29 00:38:40.419918'), ('27', 'B', '采矿业', '09', '有色金属矿采选业', 'B092', '贵金属矿采选', '包括金矿采选，银矿采选，其他贵金属矿采选。', '2017-06-29 00:38:40.424744', '2017-06-29 00:38:40.425366'), ('28', 'B', '采矿业', '09', '有色金属矿采选业', 'B093', '稀有稀土金属矿采选', '包括钨钼矿采选，稀土金属矿采选，放射性金属矿采选，其他稀有金属矿采选。', '2017-06-29 00:38:40.427605', '2017-06-29 00:38:40.427983'), ('29', 'B', '采矿业', '10', '非金属矿采选业', 'B101', '土砂石开采', '包括石灰石、石膏开采，建筑装饰用石开采，耐火土石开采，粘土及其他土砂石开采。', '2017-06-29 00:38:40.429907', '2017-06-29 00:38:40.430377'), ('30', 'B', '采矿业', '10', '非金属矿采选业', 'B102', '化学矿采选', null, '2017-06-29 00:38:40.433598', '2017-06-29 00:38:40.434083'), ('31', 'B', '采矿业', '10', '非金属矿采选业', 'B103', '采盐', null, '2017-06-29 00:38:40.436780', '2017-06-29 00:38:40.437177'), ('32', 'B', '采矿业', '10', '非金属矿采选业', 'B109', '石棉及其他非金属矿采选', '包括石棉、云母矿采选，石墨、滑石采选，宝石、玉石开采，其他非金属矿采选。', '2017-06-29 00:38:40.441262', '2017-06-29 00:38:40.441705'), ('33', 'B', '采矿业', '11', '其他采矿业', 'B110', '其他采矿业', null, '2017-06-29 00:38:40.444341', '2017-06-29 00:38:40.444852'), ('34', 'C', '制造业', '13', '农副食品加工业', 'C131', '谷物磨制', null, '2017-06-29 00:38:40.447461', '2017-06-29 00:38:40.447983'), ('35', 'C', '制造业', '13', '农副食品加工业', 'C132', '饲料加工', null, '2017-06-29 00:38:40.450256', '2017-06-29 00:38:40.450679'), ('36', 'C', '制造业', '13', '农副食品加工业', 'C133', '植物油加工', '包括食用植物油加工，非食用植物油加工。', '2017-06-29 00:38:40.453065', '2017-06-29 00:38:40.453450'), ('37', 'C', '制造业', '13', '农副食品加工业', 'C134', '制糖', null, '2017-06-29 00:38:40.455600', '2017-06-29 00:38:40.456057'), ('38', 'C', '制造业', '13', '农副食品加工业', 'C135', '屠宰及肉类加工', '包括畜禽屠宰，肉制品及副产品加工。', '2017-06-29 00:38:40.458275', '2017-06-29 00:38:40.458659'), ('39', 'C', '制造业', '13', '农副食品加工业', 'C136', '水产品加工', '包括水产品冷冻加工，鱼糜制品及水产品干腌制加工，水产饲料制造，鱼油提取及制品的制造，其他水产品加工。', '2017-06-29 00:38:40.460824', '2017-06-29 00:38:40.461301'), ('40', 'C', '制造业', '13', '农副食品加工业', 'C137', '蔬菜、水果和坚果加工', null, '2017-06-29 00:38:40.465521', '2017-06-29 00:38:40.465953'), ('41', 'C', '制造业', '13', '农副食品加工业', 'C139', '其他农副食品加工', '包括淀粉及淀粉制品的制造，豆制品制造，蛋品加工，其他未列明的农副食品加工。', '2017-06-29 00:38:40.467716', '2017-06-29 00:38:40.468091'), ('42', 'C', '制造业', '14', '食品制造业', 'C141', '焙烤食品制造', '包括糕点、面包制造，饼干及其他焙烤食品制造。', '2017-06-29 00:38:40.470248', '2017-06-29 00:38:40.470883'), ('43', 'C', '制造业', '14', '食品制造业', 'C142', '糖果、巧克力及蜜饯制造', '包括糖果、巧克力制造，蜜饯制作。', '2017-06-29 00:38:40.473402', '2017-06-29 00:38:40.473796'), ('44', 'C', '制造业', '14', '食品制造业', 'C143', '方便食品制造', '包括米、面制品制造，速冻食品制造，方便面及其他方便食品制造。', '2017-06-29 00:38:40.475908', '2017-06-29 00:38:40.476305'), ('45', 'C', '制造业', '14', '食品制造业', 'C144', '液体乳及乳制品制造', null, '2017-06-29 00:38:40.481556', '2017-06-29 00:38:40.482075'), ('46', 'C', '制造业', '14', '食品制造业', 'C145', '罐头制造', '包括肉、禽类罐头制造，水产品罐头制造，蔬菜、水果罐头制造，其他罐头食品制造。', '2017-06-29 00:38:40.484325', '2017-06-29 00:38:40.484746'), ('47', 'C', '制造业', '14', '食品制造业', 'C146', '调味品、发酵制品制造', '包括味精制造，酱油、食醋及类似制品的制造，其他调味品、发酵制品制造。', '2017-06-29 00:38:40.486575', '2017-06-29 00:38:40.486915'), ('48', 'C', '制造业', '14', '食品制造业', 'C149', '其他食品制造', '包括营养、保健食品制造，冷冻饮品及食用冰制造，盐加工，食品及饲料添加剂制造，其他未列明的食品制造。', '2017-06-29 00:38:40.490163', '2017-06-29 00:38:40.491318'), ('49', 'C', '制造业', '15', '饮料制造业', 'C151', '酒精制造', null, '2017-06-29 00:38:40.494445', '2017-06-29 00:38:40.494898'), ('50', 'C', '制造业', '15', '饮料制造业', 'C152', '酒的制造', '包括白酒制造，啤酒制造，黄酒制造，葡萄酒制造，其他酒制造。', '2017-06-29 00:38:40.496839', '2017-06-29 00:38:40.497211'), ('51', 'C', '制造业', '15', '饮料制造业', 'C153', '软饮料制造', '包括碳酸饮料制造，瓶（罐）装饮用水制造，果菜汁及果菜汁饮料制造，含乳饮料和植物蛋白饮料制造，固体饮料制造，茶饮料及其他软饮料制造。', '2017-06-29 00:38:40.498848', '2017-06-29 00:38:40.499224'), ('52', 'C', '制造业', '15', '饮料制造业', 'C154', '精制茶加工', null, '2017-06-29 00:38:40.500835', '2017-06-29 00:38:40.501197'), ('53', 'C', '制造业', '16', '烟草制品业', 'C161', '烟叶复烤', null, '2017-06-29 00:38:40.502937', '2017-06-29 00:38:40.503316'), ('54', 'C', '制造业', '16', '烟草制品业', 'C162', '卷烟制造', null, '2017-06-29 00:38:40.505340', '2017-06-29 00:38:40.506315'), ('55', 'C', '制造业', '16', '烟草制品业', 'C169', '其他烟草制品加工', null, '2017-06-29 00:38:40.510846', '2017-06-29 00:38:40.511299'), ('56', 'C', '制造业', '17', '纺织业', 'C171', '棉、化纤纺织及印染精加工', '包括棉、化纤纺织加工，棉、化纤印染精加工。', '2017-06-29 00:38:40.513175', '2017-06-29 00:38:40.513578'), ('57', 'C', '制造业', '17', '纺织业', 'C172', '毛纺织和染整精加工', '包括毛条加工，毛纺织，毛染整精加工。', '2017-06-29 00:38:40.515359', '2017-06-29 00:38:40.515705'), ('58', 'C', '制造业', '17', '纺织业', 'C173', '麻纺织', null, '2017-06-29 00:38:40.517316', '2017-06-29 00:38:40.517660'), ('59', 'C', '制造业', '17', '纺织业', 'C174', '丝绢纺织及精加工', '包括缫丝加工，绢纺和丝织加工，丝印染精加工。', '2017-06-29 00:38:40.519389', '2017-06-29 00:38:40.519734'), ('60', 'C', '制造业', '17', '纺织业', 'C175', '纺织制成品制造', '包括棉及化纤制品制造，毛制品制造，麻制品制造，丝制品制造，绳、索、缆的制造，纺织带和帘子布制造，无纺布制造，其他纺织制成品制造。', '2017-06-29 00:38:40.521335', '2017-06-29 00:38:40.521957'), ('61', 'C', '制造业', '17', '纺织业', 'C176', '针织品、编织品及其制品制造', '包括棉、化纤针织品及编织品制造，毛针织品及编织品制造，丝针织品及编织品制造，其他针织品及编织品制造。', '2017-06-29 00:38:40.524899', '2017-06-29 00:38:40.525330'), ('62', 'C', '制造业', '18', '纺织服装、鞋、帽制造业', 'C181', '纺织服装制造', null, '2017-06-29 00:38:40.527139', '2017-06-29 00:38:40.527496'), ('63', 'C', '制造业', '18', '纺织服装、鞋、帽制造业', 'C182', '纺织面料鞋的制造', null, '2017-06-29 00:38:40.529198', '2017-06-29 00:38:40.529570'), ('64', 'C', '制造业', '18', '纺织服装、鞋、帽制造业', 'C183', '制帽', null, '2017-06-29 00:38:40.531111', '2017-06-29 00:38:40.531475'), ('65', 'C', '制造业', '19', '皮革、毛皮、羽毛(绒)及其制品业', 'C191', '皮革鞣制加工', null, '2017-06-29 00:38:40.533017', '2017-06-29 00:38:40.533380'), ('66', 'C', '制造业', '19', '皮革、毛皮、羽毛(绒)及其制品业', 'C192', '皮革制品制造', '包括皮鞋制造，皮革服装制造，皮箱、包(袋)制造，皮手套及皮装饰制品制造，其他皮革制品制造。', '2017-06-29 00:38:40.535054', '2017-06-29 00:38:40.535385'), ('67', 'C', '制造业', '19', '皮革、毛皮、羽毛(绒)及其制品业', 'C193', '毛皮鞣制及制品加工', '包括毛皮鞣制加工，毛皮服装加工，其他毛皮制品加工。', '2017-06-29 00:38:40.537027', '2017-06-29 00:38:40.537371'), ('68', 'C', '制造业', '19', '皮革、毛皮、羽毛(绒)及其制品业', 'C194', '羽毛(绒)加工及制品制造', '包括羽毛(绒)加工，羽毛(绒)制品加工。', '2017-06-29 00:38:40.539063', '2017-06-29 00:38:40.539409'), ('69', 'C', '制造业', '20', '木材加工及木、竹、藤、棕、草制品业', 'C201', '锯材、木片加工', '包括锯材加工，木片加工。', '2017-06-29 00:38:40.541125', '2017-06-29 00:38:40.541476'), ('70', 'C', '制造业', '20', '木材加工及木、竹、藤、棕、草制品业', 'C202', '人造板制造', '包括胶合板制造，纤维板制造，刨花板制造，其他人造板、材制造。', '2017-06-29 00:38:40.543119', '2017-06-29 00:38:40.543427'), ('71', 'C', '制造业', '20', '木材加工及木、竹、藤、棕、草制品业', 'C203', '木制品制造', '包括建筑用木料及木材组件加工，木容器制造，软木制品及其他木制品制造。', '2017-06-29 00:38:40.544950', '2017-06-29 00:38:40.545277'), ('72', 'C', '制造业', '20', '木材加工及木、竹、藤、棕、草制品业', 'C204', '竹、藤、棕、草制品制造', null, '2017-06-29 00:38:40.546911', '2017-06-29 00:38:40.547242'), ('73', 'C', '制造业', '21', '家具制造业', 'C211', '木质家具制造', null, '2017-06-29 00:38:40.548735', '2017-06-29 00:38:40.549056'), ('74', 'C', '制造业', '21', '家具制造业', 'C212', '竹、藤家具制造', null, '2017-06-29 00:38:40.550520', '2017-06-29 00:38:40.550869'), ('75', 'C', '制造业', '21', '家具制造业', 'C213', '金属家具制造', null, '2017-06-29 00:38:40.552491', '2017-06-29 00:38:40.552823'), ('76', 'C', '制造业', '21', '家具制造业', 'C214', '塑料家具制造', null, '2017-06-29 00:38:40.554376', '2017-06-29 00:38:40.554745'), ('77', 'C', '制造业', '21', '家具制造业', 'C219', '其他家具制造', null, '2017-06-29 00:38:40.556323', '2017-06-29 00:38:40.556667'), ('78', 'C', '制造业', '22', '造纸及纸制品业', 'C221', '纸浆制造', null, '2017-06-29 00:38:40.558284', '2017-06-29 00:38:40.558662'), ('79', 'C', '制造业', '22', '造纸及纸制品业', 'C222', '造纸', '包括机制纸及纸板制造，手工纸制造，加工纸制造。', '2017-06-29 00:38:40.560242', '2017-06-29 00:38:40.560562'), ('80', 'C', '制造业', '22', '造纸及纸制品业', 'C223', '纸制品制造', '包括纸和纸板容器的制造，其他纸制品制造。', '2017-06-29 00:38:40.562102', '2017-06-29 00:38:40.562429'), ('81', 'C', '制造业', '23', '印刷业和记录媒介的复制', 'C231', '印刷', '包括书、报、刊印刷，本册印制，包装装潢及其他印刷。', '2017-06-29 00:38:40.563912', '2017-06-29 00:38:40.564232'), ('82', 'C', '制造业', '23', '印刷业和记录媒介的复制', 'C232', '装订及其他印刷服务活动', null, '2017-06-29 00:38:40.565698', '2017-06-29 00:38:40.566032'), ('83', 'C', '制造业', '23', '印刷业和记录媒介的复制', 'C233', '记录媒介的复制', null, '2017-06-29 00:38:40.567568', '2017-06-29 00:38:40.567880'), ('84', 'C', '制造业', '24', '文教体育用品制造业', 'C241', '文化用品制造', '包括文具制造，笔的制造，教学用模型及教具制造，墨水、墨汁制造，其他文化用品制造。', '2017-06-29 00:38:40.569502', '2017-06-29 00:38:40.569852'), ('85', 'C', '制造业', '24', '文教体育用品制造业', 'C242', '体育用品制造', '包括球类制造，体育器材及配件制造，训练健身器材制造，运动防护用具制造，其他体育用品制造。', '2017-06-29 00:38:40.571457', '2017-06-29 00:38:40.571754'), ('86', 'C', '制造业', '24', '文教体育用品制造业', 'C243', '乐器制造', '包括中乐器制造，西乐器制造，电子乐器制造，其他乐器及零件制造。', '2017-06-29 00:38:40.573474', '2017-06-29 00:38:40.573848'), ('87', 'C', '制造业', '24', '文教体育用品制造业', 'C244', '玩具制造', null, '2017-06-29 00:38:40.575432', '2017-06-29 00:38:40.575756'), ('88', 'C', '制造业', '24', '文教体育用品制造业', 'C245', '游艺器材及娱乐用品制造', '包括露天游乐场所游乐设备制造，游艺用品及室内游艺器材制造。', '2017-06-29 00:38:40.577338', '2017-06-29 00:38:40.577670'), ('89', 'C', '制造业', '25', '石油加工、炼焦及核燃料加工业', 'C251', '精炼石油产品的制造', '包括原油加工及石油制品制造，人造原油生产。', '2017-06-29 00:38:40.579174', '2017-06-29 00:38:40.579515'), ('90', 'C', '制造业', '25', '石油加工、炼焦及核燃料加工业', 'C252', '炼焦', null, '2017-06-29 00:38:40.581093', '2017-06-29 00:38:40.581417'), ('91', 'C', '制造业', '25', '石油加工、炼焦及核燃料加工业', 'C253', '核燃料加工', null, '2017-06-29 00:38:40.583003', '2017-06-29 00:38:40.583337'), ('92', 'C', '制造业', '26', '化学原料及化学制品制造业', 'C261', '基础化学原料制造', '包括无机酸制造，无机碱制造，无机盐制造，有机化学原料制造，其他基础化学原料制造。', '2017-06-29 00:38:40.584885', '2017-06-29 00:38:40.585210'), ('93', 'C', '制造业', '26', '化学原料及化学制品制造业', 'C262', '肥料制造', '包括氮肥制造，磷肥制造，钾肥制造，复混肥料制造，有机肥料及微生物肥料制造，其他肥料制造。', '2017-06-29 00:38:40.586857', '2017-06-29 00:38:40.587203'), ('94', 'C', '制造业', '26', '化学原料及化学制品制造业', 'C263', '农药制造', '包括化学农药制造，生物化学农药及微生物农药制造。', '2017-06-29 00:38:40.588957', '2017-06-29 00:38:40.589294'), ('95', 'C', '制造业', '26', '化学原料及化学制品制造业', 'C264', '涂料、油墨、颜料及类似产品制造', '包括涂料制造，油墨及类似产品制造，颜料制造，染料制造，密封用填料及类似品制造。', '2017-06-29 00:38:40.590803', '2017-06-29 00:38:40.591165'), ('96', 'C', '制造业', '26', '化学原料及化学制品制造业', 'C265', '合成材料制造', '包括初级形态的塑料及合成树脂制造，合成橡胶制造，合成纤维单(聚合)体的制造，其他合成材料制造。', '2017-06-29 00:38:40.592702', '2017-06-29 00:38:40.593035'), ('97', 'C', '制造业', '26', '化学原料及化学制品制造业', 'C266', '专用化学产品制造', '包括化学试剂和助剂制造，专项化学用品制造，林产化学产品制造，炸药及火工产品制造，信息化学品制造，环境污染处理专用药剂材料制造，动物胶制造，其他专用化学产品制造。', '2017-06-29 00:38:40.597862', '2017-06-29 00:38:40.598298'), ('98', 'C', '制造业', '26', '化学原料及化学制品制造业', 'C267', '日用化学产品制造', '包括肥皂及合成洗涤剂制造，化妆品制造，口腔清洁用品制造，香料、香精制造，其他日用化学产品制造。', '2017-06-29 00:38:40.600496', '2017-06-29 00:38:40.600927'), ('99', 'C', '制造业', '27', '医药制造业', 'C271', '化学药品原药制造', null, '2017-06-29 00:38:40.602919', '2017-06-29 00:38:40.603277'), ('100', 'C', '制造业', '27', '医药制造业', 'C272', '化学药品制剂制造', null, '2017-06-29 00:38:40.604931', '2017-06-29 00:38:40.605270'), ('101', 'C', '制造业', '27', '医药制造业', 'C273', '中药饮片加工', null, '2017-06-29 00:38:40.606792', '2017-06-29 00:38:40.607129'), ('102', 'C', '制造业', '27', '医药制造业', 'C274', '中成药制造', null, '2017-06-29 00:38:40.608848', '2017-06-29 00:38:40.609194'), ('103', 'C', '制造业', '27', '医药制造业', 'C275', '兽用药品制造', null, '2017-06-29 00:38:40.610891', '2017-06-29 00:38:40.611236'), ('104', 'C', '制造业', '27', '医药制造业', 'C276', '生物、生化制品的制造', null, '2017-06-29 00:38:40.612879', '2017-06-29 00:38:40.613221'), ('105', 'C', '制造业', '27', '医药制造业', 'C277', '卫生材料及医药用品制造', null, '2017-06-29 00:38:40.614923', '2017-06-29 00:38:40.615288'), ('106', 'C', '制造业', '28', '化学纤维制造业', 'C281', '纤维素纤维原料及纤维制造', '包括化纤浆粕制造，人造纤维（纤维素纤维）制造。', '2017-06-29 00:38:40.617017', '2017-06-29 00:38:40.617362'), ('107', 'C', '制造业', '28', '化学纤维制造业', 'C282', '合成纤维制造', '包括锦纶纤维制造，涤纶纤维制造，腈纶纤维制造，维纶纤维制造，其他合成纤维制造。', '2017-06-29 00:38:40.618972', '2017-06-29 00:38:40.619315'), ('108', 'C', '制造业', '29', '橡胶制品业', 'C291', '轮胎制造', '包括车辆、飞机及工程机械轮胎制造，力车胎制造，轮胎翻新加工。', '2017-06-29 00:38:40.620936', '2017-06-29 00:38:40.621268'), ('109', 'C', '制造业', '29', '橡胶制品业', 'C292', '橡胶板、管、带的制造', null, '2017-06-29 00:38:40.622818', '2017-06-29 00:38:40.623194'), ('110', 'C', '制造业', '29', '橡胶制品业', 'C293', '橡胶零件制造', null, '2017-06-29 00:38:40.624875', '2017-06-29 00:38:40.625223'), ('111', 'C', '制造业', '29', '橡胶制品业', 'C294', '再生橡胶制造', null, '2017-06-29 00:38:40.626785', '2017-06-29 00:38:40.627142'), ('112', 'C', '制造业', '29', '橡胶制品业', 'C295', '日用及医用橡胶制品制造', null, '2017-06-29 00:38:40.628741', '2017-06-29 00:38:40.629077'), ('113', 'C', '制造业', '29', '橡胶制品业', 'C296', '橡胶靴鞋制造', null, '2017-06-29 00:38:40.630891', '2017-06-29 00:38:40.631218'), ('114', 'C', '制造业', '29', '橡胶制品业', 'C299', '其他橡胶制品制造', null, '2017-06-29 00:38:40.632901', '2017-06-29 00:38:40.633262'), ('115', 'C', '制造业', '30', '塑料制品业', 'C301', '塑料薄膜制造', null, '2017-06-29 00:38:40.635039', '2017-06-29 00:38:40.635425'), ('116', 'C', '制造业', '30', '塑料制品业', 'C302', '塑料板、管、型材的制造', null, '2017-06-29 00:38:40.637099', '2017-06-29 00:38:40.637480'), ('117', 'C', '制造业', '30', '塑料制品业', 'C303', '塑料丝、绳及编织品的制造', null, '2017-06-29 00:38:40.639114', '2017-06-29 00:38:40.639453'), ('118', 'C', '制造业', '30', '塑料制品业', 'C304', '泡沫塑料制造', null, '2017-06-29 00:38:40.641066', '2017-06-29 00:38:40.641456'), ('119', 'C', '制造业', '30', '塑料制品业', 'C305', '塑料人造革、合成革制造', null, '2017-06-29 00:38:40.643138', '2017-06-29 00:38:40.643467'), ('120', 'C', '制造业', '30', '塑料制品业', 'C306', '塑料包装箱及容器制造', null, '2017-06-29 00:38:40.645115', '2017-06-29 00:38:40.645467'), ('121', 'C', '制造业', '30', '塑料制品业', 'C307', '塑料零件制造', null, '2017-06-29 00:38:40.647201', '2017-06-29 00:38:40.647535'), ('122', 'C', '制造业', '30', '塑料制品业', 'C308', '日用塑料制造', '包括塑料鞋制造，日用塑料杂品制造。', '2017-06-29 00:38:40.649012', '2017-06-29 00:38:40.649370'), ('123', 'C', '制造业', '30', '塑料制品业', 'C309', '其他塑料制品制造', null, '2017-06-29 00:38:40.650969', '2017-06-29 00:38:40.651300'), ('124', 'C', '制造业', '31', '非金属矿物制品业', 'C311', '水泥、石灰和石膏的制造', '包括水泥制造，石灰和石膏制造。', '2017-06-29 00:38:40.652809', '2017-06-29 00:38:40.653141'), ('125', 'C', '制造业', '31', '非金属矿物制品业', 'C312', '水泥及石膏制品制造', '包括水泥制品制造，砼结构构件制造，石棉水泥制品制造，轻质建筑材料制造，其他水泥制品制造。', '2017-06-29 00:38:40.654917', '2017-06-29 00:38:40.655257'), ('126', 'C', '制造业', '31', '非金属矿物制品业', 'C313', '砖瓦、石材及其他建筑材料制造', '包括粘土砖瓦及建筑砌块制造，建筑陶瓷制品制造，建筑用石加工，防水建筑材料制造，隔热和隔音材料制造，其他建筑材料制造。', '2017-06-29 00:38:40.656907', '2017-06-29 00:38:40.657243'), ('127', 'C', '制造业', '31', '非金属矿物制品业', 'C314', '玻璃及玻璃制品制造', '包括平板玻璃制造，技术玻璃制品制造，光学玻璃制造，玻璃仪器制造，日用玻璃制品及玻璃包装容器制造，玻璃保温容器制造，玻璃纤维及制品制造，玻璃纤维增强塑料制品制造，其他玻璃制品制造。', '2017-06-29 00:38:40.658883', '2017-06-29 00:38:40.659216'), ('128', 'C', '制造业', '31', '非金属矿物制品业', 'C315', '陶瓷制品制造', '包括卫生陶瓷制品制造，特种陶瓷制品制造，日用陶瓷制品制造，园林、陈设艺术及其他陶瓷制品制造。', '2017-06-29 00:38:40.660828', '2017-06-29 00:38:40.661161'), ('129', 'C', '制造业', '31', '非金属矿物制品业', 'C316', '耐火材料制品制造', '包括石棉制品制造，云母制品制造，耐火陶瓷制品及其他耐火材料制造。', '2017-06-29 00:38:40.662682', '2017-06-29 00:38:40.663013'), ('130', 'C', '制造业', '31', '非金属矿物制品业', 'C319', '石墨及其他非金属矿物制品制造', '包括石墨及碳素制品制造，其他非金属矿物制品制造。', '2017-06-29 00:38:40.664639', '2017-06-29 00:38:40.665007'), ('131', 'C', '制造业', '32', '黑色金属冶炼及压延加工业', 'C321', '炼铁', null, '2017-06-29 00:38:40.666634', '2017-06-29 00:38:40.666969'), ('132', 'C', '制造业', '32', '黑色金属冶炼及压延加工业', 'C322', '炼钢', null, '2017-06-29 00:38:40.668508', '2017-06-29 00:38:40.668834'), ('133', 'C', '制造业', '32', '黑色金属冶炼及压延加工业', 'C323', '钢压延加工', null, '2017-06-29 00:38:40.670671', '2017-06-29 00:38:40.671022'), ('134', 'C', '制造业', '32', '黑色金属冶炼及压延加工业', 'C324', '铁合金冶炼', null, '2017-06-29 00:38:40.672633', '2017-06-29 00:38:40.672970'), ('135', 'C', '制造业', '33', '有色金属冶炼及压延加工业', 'C331', '常用有色金属冶炼', '包括铜冶炼，铅锌冶炼，镍钴冶炼，锡冶炼，锑冶炼，铝冶炼，镁冶炼，其他常用有色金属冶炼。', '2017-06-29 00:38:40.674541', '2017-06-29 00:38:40.674870'), ('136', 'C', '制造业', '33', '有色金属冶炼及压延加工业', 'C332', '贵金属冶炼', '包括金冶炼，银冶炼，其他贵金属冶炼。', '2017-06-29 00:38:40.676429', '2017-06-29 00:38:40.676752'), ('137', 'C', '制造业', '33', '有色金属冶炼及压延加工业', 'C333', '稀有稀土金属冶炼', '包括钨钼冶炼，稀土金属冶炼，其他稀有金属冶炼。', '2017-06-29 00:38:40.678234', '2017-06-29 00:38:40.678543'), ('138', 'C', '制造业', '33', '有色金属冶炼及压延加工业', 'C334', '有色金属合金制造', null, '2017-06-29 00:38:40.680206', '2017-06-29 00:38:40.680547'), ('139', 'C', '制造业', '33', '有色金属冶炼及压延加工业', 'C335', '有色金属压延加工', '包括常用有色金属压延加工，贵金属压延加工，稀有稀土金属压延加工。', '2017-06-29 00:38:40.682245', '2017-06-29 00:38:40.682574'), ('140', 'C', '制造业', '34', '金属制品业', 'C341', '结构性金属制品制造', '包括金属结构制造，金属门窗制造。', '2017-06-29 00:38:40.684170', '2017-06-29 00:38:40.684471'), ('141', 'C', '制造业', '34', '金属制品业', 'C342', '金属工具制造', '包括切削工具制造，手工具制造，农用及园林用金属工具制造，刀剪及类似日用金属工具制造，其他金属工具制造。', '2017-06-29 00:38:40.685996', '2017-06-29 00:38:40.686339'), ('142', 'C', '制造业', '34', '金属制品业', 'C343', '集装箱及金属包装容器制造', '包括集装箱制造，金属压力容器制造，金属包装容器制造。', '2017-06-29 00:38:40.687903', '2017-06-29 00:38:40.688229'), ('143', 'C', '制造业', '34', '金属制品业', 'C344', '金属丝绳及其制品的制造', null, '2017-06-29 00:38:40.689749', '2017-06-29 00:38:40.690070'), ('144', 'C', '制造业', '34', '金属制品业', 'C345', '建筑、安全用金属制品制造', '包括建筑、家具用金属配件制造，建筑装饰及水暖管道零件制造，安全、消防用金属制品制造，其他建筑、安全用金属制品制造。', '2017-06-29 00:38:40.691580', '2017-06-29 00:38:40.691912'), ('145', 'C', '制造业', '34', '金属制品业', 'C346', '金属表面处理及热处理加工', null, '2017-06-29 00:38:40.693444', '2017-06-29 00:38:40.693765'), ('146', 'C', '制造业', '34', '金属制品业', 'C347', '搪瓷制品制造', '包括工业生产配套用搪瓷制品制造，搪瓷卫生洁具制造，搪瓷日用品及其他搪瓷制品制造。', '2017-06-29 00:38:40.695314', '2017-06-29 00:38:40.695642'), ('147', 'C', '制造业', '34', '金属制品业', 'C348', '不锈钢及类似日用金属制品制造', '包括金属制厨房调理及卫生器具制造，金属制厨用器皿及餐具制造，其他日用金属制品制造。', '2017-06-29 00:38:40.697254', '2017-06-29 00:38:40.697588'), ('148', 'C', '制造业', '34', '金属制品业', 'C349', '其他金属制品制造', '包括铸币及贵金属制实验室用品制造，其他未列明的金属制品制造。', '2017-06-29 00:38:40.699120', '2017-06-29 00:38:40.699432'), ('149', 'C', '制造业', '35', '通用设备制造业', 'C351', '锅炉及原动机制造', '包括锅炉及辅助设备制造，内燃机及配件制造，汽轮机及辅机制造，水轮机及辅机制造，其他原动机制造。', '2017-06-29 00:38:40.701109', '2017-06-29 00:38:40.701457'), ('150', 'C', '制造业', '35', '通用设备制造业', 'C352', '金属加工机械制造', '包括金属切削机床制造，金属成形机床制造，铸造机械制造，金属切割及焊接设备制造，机床附件制造，其他金属加工机械制造。', '2017-06-29 00:38:40.703162', '2017-06-29 00:38:40.703502'), ('151', 'C', '制造业', '35', '通用设备制造业', 'C353', '起重运输设备制造', null, '2017-06-29 00:38:40.705038', '2017-06-29 00:38:40.705381'), ('152', 'C', '制造业', '35', '通用设备制造业', 'C354', '泵、阀门、压缩机及类似机械的制造', '包括泵及真空设备制造，气体压缩机械制造，阀门和旋塞的制造，液压和气压动力机械及元件制造。', '2017-06-29 00:38:40.706888', '2017-06-29 00:38:40.707190'), ('153', 'C', '制造业', '35', '通用设备制造业', 'C355', '轴承、齿轮、传动和驱动部件的制造', '包括轴承制造，齿轮、传动和驱动部件制造。', '2017-06-29 00:38:40.708658', '2017-06-29 00:38:40.708983'), ('154', 'C', '制造业', '35', '通用设备制造业', 'C356', '烘炉、熔炉及电炉制造', null, '2017-06-29 00:38:40.710539', '2017-06-29 00:38:40.710876'), ('155', 'C', '制造业', '35', '通用设备制造业', 'C357', '风机、衡器、包装设备等通用设备制造', '包括风机、风扇制造，气体、液体分离及纯净设备制造，制冷、空调设备制造，风动和电动工具制造，喷枪及类似器具制造，包装专用设备制造，衡器制造，其他通用设备制造。', '2017-06-29 00:38:40.712524', '2017-06-29 00:38:40.712867'), ('156', 'C', '制造业', '35', '通用设备制造业', 'C358', '通用零部件制造及机械修理', '包括金属密封件制造，紧固件、弹簧制造，机械零部件加工及设备修理，其他通用零部件制造。', '2017-06-29 00:38:40.714467', '2017-06-29 00:38:40.714800'), ('157', 'C', '制造业', '35', '通用设备制造业', 'C359', '金属铸、锻加工', '包括钢铁铸件制造，锻件及粉末冶金制品制造。', '2017-06-29 00:38:40.716334', '2017-06-29 00:38:40.716688'), ('158', 'C', '制造业', '36', '专用设备制造业', 'C361', '矿山、冶金、建筑专用设备制造', '包括采矿、采石设备制造，石油钻采专用设备制造，建筑工程用机械制造，建筑材料生产专用机械制造，冶金专用设备制造。', '2017-06-29 00:38:40.718394', '2017-06-29 00:38:40.718740'), ('159', 'C', '制造业', '36', '专用设备制造业', 'C362', '化工、木材、非金属加工专用设备制造', '包括炼油、化工生产专用设备制造，橡胶加工专用设备制造，塑料加工专用设备制造，木材加工机械制造，模具制造，其他非金属加工专用设备制造。', '2017-06-29 00:38:40.720308', '2017-06-29 00:38:40.720667'), ('160', 'C', '制造业', '36', '专用设备制造业', 'C363', '食品、饮料、烟草及饲料生产专用设备制造', '包括食品、饮料、烟草工业专用设备制造，农副食品加工专用设备制造，饲料生产专用设备制造。', '2017-06-29 00:38:40.722446', '2017-06-29 00:38:40.722774'), ('161', 'C', '制造业', '36', '专用设备制造业', 'C364', '印刷、制药、日化生产专用设备制造', '包括制浆和造纸专用设备制造，印刷专用设备制造，日用化工专用设备制造，制药专用设备制造，照明器具生产专用设备制造，玻璃、陶瓷和搪瓷制品生产专用设备制造，其他日用品生产专用设备制造。', '2017-06-29 00:38:40.724333', '2017-06-29 00:38:40.724653'), ('162', 'C', '制造业', '36', '专用设备制造业', 'C365', '纺织、服装和皮革工业专用设备制造', '包括纺织专用设备制造，皮革、毛皮及其制品加工专用设备制造，缝纫机械制造，其他服装加工专用设备制造。', '2017-06-29 00:38:40.726164', '2017-06-29 00:38:40.726497'), ('163', 'C', '制造业', '36', '专用设备制造业', 'C366', '电子和电工机械专用设备制造', '包括电工机械专用设备制造，电子工业专用设备制造，武器弹药制造，航空、航天及其他专用设备制造。', '2017-06-29 00:38:40.728211', '2017-06-29 00:38:40.728568'), ('164', 'C', '制造业', '36', '专用设备制造业', 'C367', '农、林、牧、渔专用机械制造', '包括拖拉机制造，机械化农业及园艺机具制造，营林及木竹采伐机械制造，畜牧机械制造，渔业机械制造，农林牧渔机械配件制造，其他农林牧渔业机械制造及机械修理。', '2017-06-29 00:38:40.730146', '2017-06-29 00:38:40.730514'), ('165', 'C', '制造业', '36', '专用设备制造业', 'C368', '医疗仪器设备及器械制造', '包括医疗诊断、监护及治疗设备制造，口腔科用设备及器具制造，实验室及医用消毒设备和器具的制造，医疗、外科及兽医用器械制造，机械治疗及病房护理设备制造，假肢、人工器官及植（介）入器械制造，其他医疗设备及器械制造。', '2017-06-29 00:38:40.732244', '2017-06-29 00:38:40.732550'), ('166', 'C', '制造业', '36', '专用设备制造业', 'C369', '环保、社会公共安全及其他专用设备制造', '包括环境污染防治专用设备制造，地质勘查专用设备制造，邮政专用机械及器材制造，商业、饮食、服务业专用设备制造，社会公共安全设备及器材制造，交通安全及管制专用设备制造，水资源专用机械制造，其他专用设备制造。', '2017-06-29 00:38:40.734033', '2017-06-29 00:38:40.734358'), ('167', 'C', '制造业', '37', '交通运输设备制造业', 'C371', '铁路运输设备制造', '包括铁路机车车辆及动车组制造，工矿有轨专用车辆制造，铁路机车车辆配件制造，铁路专用设备及器材、配件制造，其他铁路设备制造及设备修理。', '2017-06-29 00:38:40.735919', '2017-06-29 00:38:40.736255'), ('168', 'C', '制造业', '37', '交通运输设备制造业', 'C372', '汽车制造', '包括汽车整车制造，改装汽车制造，电车制造，汽车车身、挂车的制造，汽车零部件及配件制造，汽车修理。', '2017-06-29 00:38:40.737945', '2017-06-29 00:38:40.738281'), ('169', 'C', '制造业', '37', '交通运输设备制造业', 'C373', '摩托车制造', '包括摩托车整车制造，摩托车零部件及配件制造。', '2017-06-29 00:38:40.739958', '2017-06-29 00:38:40.740297'), ('170', 'C', '制造业', '37', '交通运输设备制造业', 'C374', '自行车制造', '包括脚踏自行车及残疾人座车制造，助动自行车制造。', '2017-06-29 00:38:40.741948', '2017-06-29 00:38:40.742242'), ('171', 'C', '制造业', '37', '交通运输设备制造业', 'C375', '船舶及浮动装置制造', '包括金属船舶制造，非金属船舶制造，娱乐船和运动船的建造和修理，船用配套设备制造，船舶修理及拆船，航标器材及其他浮动装置的制造。', '2017-06-29 00:38:40.743854', '2017-06-29 00:38:40.744209'), ('172', 'C', '制造业', '37', '交通运输设备制造业', 'C376', '航空航天器制造', '包括飞机制造及修理，航天器制造，其他飞行器制造。', '2017-06-29 00:38:40.745816', '2017-06-29 00:38:40.746143'), ('173', 'C', '制造业', '37', '交通运输设备制造业', 'C379', '交通器材及其他交通运输设备制造', '包括潜水及水下救捞装备制造，交通管理用金属标志及设施制造，其他交通运输设备制造。', '2017-06-29 00:38:40.747738', '2017-06-29 00:38:40.748110'), ('174', 'C', '制造业', '39', '电气机械及器材制造业', 'C391', '电机制造', '包括发电机及发电机组制造，电动机制造，微电机及其他电机制造。', '2017-06-29 00:38:40.749713', '2017-06-29 00:38:40.750037'), ('175', 'C', '制造业', '39', '电气机械及器材制造业', 'C392', '输配电及控制设备制造', '包括变压器、整流器和电感器制造，电容器及其配套设备制造，配电开关控制设备制造，电力电子元器件制造，其他输配电及控制设备制造。', '2017-06-29 00:38:40.751539', '2017-06-29 00:38:40.751864'), ('176', 'C', '制造业', '39', '电气机械及器材制造业', 'C393', '电线、电缆、光缆及电工器材制造', '包括电线电缆制造，光纤、光缆制造，绝缘制品制造，其他电工器材制造。', '2017-06-29 00:38:40.753414', '2017-06-29 00:38:40.753746'), ('177', 'C', '制造业', '39', '电气机械及器材制造业', 'C394', '电池制造', null, '2017-06-29 00:38:40.755282', '2017-06-29 00:38:40.755645'), ('178', 'C', '制造业', '39', '电气机械及器材制造业', 'C395', '家用电力器具制造', '包括家用制冷电器具制造，家用空气调节器制造，家用通风电器具制造，家用厨房电器具制造，家用清洁卫生电器具制造，家用美容、保健电器具制造，家用电力器具专用配件制造，其他家用电力器具制造。', '2017-06-29 00:38:40.757164', '2017-06-29 00:38:40.757543'), ('179', 'C', '制造业', '39', '电气机械及器材制造业', 'C396', '非电力家用器具制造', '包括燃气、太阳能及类似能源的器具制造，其他非电力家用器具制造。', '2017-06-29 00:38:40.759367', '2017-06-29 00:38:40.759730'), ('180', 'C', '制造业', '39', '电气机械及器材制造业', 'C397', '照明器具制造', '包括电光源制造，照明灯具制造，灯用电器附件及其他照明器具制造。', '2017-06-29 00:38:40.761409', '2017-06-29 00:38:40.761736'), ('181', 'C', '制造业', '39', '电气机械及器材制造业', 'C399', '其他电气机械及器材制造', '包括车辆专用照明及电气信号设备装置制造，其他未列明的电气机械制造。', '2017-06-29 00:38:40.763428', '2017-06-29 00:38:40.763764'), ('182', 'C', '制造业', '40', '通信设备、计算机及其他电子设备制造业', 'C401', '通信设备制造', '包括通信传输设备制造，通信交换设备制造，通信终端设备制造，移动通信及终端设备制造，其他通信设备制造。', '2017-06-29 00:38:40.765420', '2017-06-29 00:38:40.765748'), ('183', 'C', '制造业', '40', '通信设备、计算机及其他电子设备制造业', 'C402', '雷达及配套设备制造', null, '2017-06-29 00:38:40.767399', '2017-06-29 00:38:40.767768'), ('184', 'C', '制造业', '40', '通信设备、计算机及其他电子设备制造业', 'C403', '广播电视设备制造', '包括广播电视节目制作及发射设备制造, 广播电视接收设备及器材制造，应用电视设备及其他广播电视设备制造。', '2017-06-29 00:38:40.769549', '2017-06-29 00:38:40.769888'), ('185', 'C', '制造业', '40', '通信设备、计算机及其他电子设备制造业', 'C404', '电子计算机制造', '包括电子计算机整机制造，计算机网络设备制造，电子计算机外部设备制造。', '2017-06-29 00:38:40.771446', '2017-06-29 00:38:40.771843'), ('186', 'C', '制造业', '40', '通信设备、计算机及其他电子设备制造业', 'C405', '电子器件制造', '包括电子真空器件制造，半导体分立器件制造，集成电路制造，光电子器件及其他电子器件制造。', '2017-06-29 00:38:40.773484', '2017-06-29 00:38:40.773818'), ('187', 'C', '制造业', '40', '通信设备、计算机及其他电子设备制造业', 'C406', '电子元件制造', '包括电子元件及组件制造，印制电路板制造。', '2017-06-29 00:38:40.775513', '2017-06-29 00:38:40.775861'), ('188', 'C', '制造业', '40', '通信设备、计算机及其他电子设备制造业', 'C407', '家用视听设备制造', '包括家用影视设备制造，家用音响设备制造。', '2017-06-29 00:38:40.777418', '2017-06-29 00:38:40.777734'), ('189', 'C', '制造业', '40', '通信设备、计算机及其他电子设备制造业', 'C409', '其他电子设备制造', null, '2017-06-29 00:38:40.779258', '2017-06-29 00:38:40.779584'), ('190', 'C', '制造业', '41', '仪器仪表及文化、办公用机械制造业', 'C411', '通用仪器仪表制造', '包括工业自动控制系统装置制造，电工仪器仪表制造，绘图、计算及测量仪器制造，实验分析仪器制造，试验机制造，供应用仪表及其他通用仪器制造。', '2017-06-29 00:38:40.781194', '2017-06-29 00:38:40.781519'), ('191', 'C', '制造业', '41', '仪器仪表及文化、办公用机械制造业', 'C412', '专用仪器仪表制造', '包括环境监测专用仪器仪表制造，汽车及其他用计数仪表制造，导航、气象及海洋专用仪器制造，农林牧渔专用仪器仪表制造，地质勘探和地震专用仪器制造，教学专用仪器制造，核子及核辐射测量仪器制造，电子测量仪器制造，其他专用仪器制造。', '2017-06-29 00:38:40.783053', '2017-06-29 00:38:40.783376'), ('192', 'C', '制造业', '41', '仪器仪表及文化、办公用机械制造业', 'C413', '钟表与计时仪器制造', null, '2017-06-29 00:38:40.784968', '2017-06-29 00:38:40.785291'), ('193', 'C', '制造业', '41', '仪器仪表及文化、办公用机械制造业', 'C414', '光学仪器及眼镜制造', '包括光学仪器制造，眼镜制造。', '2017-06-29 00:38:40.786747', '2017-06-29 00:38:40.787061'), ('194', 'C', '制造业', '41', '仪器仪表及文化、办公用机械制造业', 'C415', '文化、办公用机械制造', '包括电影机械制造，幻灯及投影设备制造，照相机及器材制造，复印和胶印设备制造，计算器及货币专用设备制造，其他文化、办公用机械制造。', '2017-06-29 00:38:40.788683', '2017-06-29 00:38:40.789031'), ('195', 'C', '制造业', '41', '仪器仪表及文化、办公用机械制造业', 'C419', '其他仪器仪表的制造及修理', null, '2017-06-29 00:38:40.790778', '2017-06-29 00:38:40.791146'), ('196', 'C', '制造业', '42', '工艺品及其他制造业', 'C421', '工艺美术品制造', '包括雕塑工艺品制造，金属工艺品制造，漆器工艺品制造，花画工艺品制造，天然植物纤维编织工艺品制造，抽纱刺绣工艺品制造，地毯、挂毯制造，珠宝首饰及有关物品的制造，其他工艺美术品制造。', '2017-06-29 00:38:40.792813', '2017-06-29 00:38:40.793153'), ('197', 'C', '制造业', '42', '工艺品及其他制造业', 'C422', '日用杂品制造', '包括制镜及类似品加工，鬃毛加工、制刷及清扫工具的制造，其他日用杂品制造。', '2017-06-29 00:38:40.794690', '2017-06-29 00:38:40.795120'), ('198', 'C', '制造业', '42', '工艺品及其他制造业', 'C423', '煤制品制造', null, '2017-06-29 00:38:40.796720', '2017-06-29 00:38:40.797063'), ('199', 'C', '制造业', '42', '工艺品及其他制造业', 'C424', '核辐射加工', null, '2017-06-29 00:38:40.798750', '2017-06-29 00:38:40.799077'), ('200', 'C', '制造业', '42', '工艺品及其他制造业', 'C429', '其他未列明的制造业', null, '2017-06-29 00:38:40.800626', '2017-06-29 00:38:40.800952'), ('201', 'C', '制造业', '43', '废弃资源和废旧材料回收加工业', 'C431', '金属废料和碎屑的加工处理', null, '2017-06-29 00:38:40.802482', '2017-06-29 00:38:40.802807'), ('202', 'C', '制造业', '43', '废弃资源和废旧材料回收加工业', 'C432', '非金属废料和碎屑的加工处理', null, '2017-06-29 00:38:40.804342', '2017-06-29 00:38:40.804662'), ('203', 'D', '电力、燃气及水的生产和供应业', '44', '电力、热力的生产和供应业', 'D441', '电力生产', '包括火力发电，水力发电，核力发电，其他能源发电。', '2017-06-29 00:38:40.806154', '2017-06-29 00:38:40.806475'), ('204', 'D', '电力、燃气及水的生产和供应业', '44', '电力、热力的生产和供应业', 'D442', '电力供应', null, '2017-06-29 00:38:40.807926', '2017-06-29 00:38:40.808234'), ('205', 'D', '电力、燃气及水的生产和供应业', '44', '电力、热力的生产和供应业', 'D443', '热力生产和供应', null, '2017-06-29 00:38:40.809661', '2017-06-29 00:38:40.809984'), ('206', 'D', '电力、燃气及水的生产和供应业', '45', '燃气生产和供应业', 'D450', '燃气生产和供应业', null, '2017-06-29 00:38:40.811600', '2017-06-29 00:38:40.811924'), ('207', 'D', '电力、燃气及水的生产和供应业', '46', '水的生产和供应业', 'D461', '自来水的生产和供应', null, '2017-06-29 00:38:40.813512', '2017-06-29 00:38:40.813844'), ('208', 'D', '电力、燃气及水的生产和供应业', '46', '水的生产和供应业', 'D462', '污水处理及其再生利用', null, '2017-06-29 00:38:40.815623', '2017-06-29 00:38:40.815998'), ('209', 'D', '电力、燃气及水的生产和供应业', '46', '水的生产和供应业', 'D469', '其他水的处理、利用与分配', null, '2017-06-29 00:38:40.817670', '2017-06-29 00:38:40.818001'), ('210', 'E', '建筑业', '47', '房屋和土木工程建筑业', 'E471', '房屋工程建筑', null, '2017-06-29 00:38:40.819551', '2017-06-29 00:38:40.819874'), ('211', 'E', '建筑业', '47', '房屋和土木工程建筑业', 'E472', '土木工程建筑', '包括铁路、道路、隧道和桥梁工程建筑，水利和港口工程建筑，工矿工程建筑，架线和管道工程建筑，其他土木工程建筑。', '2017-06-29 00:38:40.821323', '2017-06-29 00:38:40.821658'), ('212', 'E', '建筑业', '48', '建筑安装业', 'E480', '建筑安装业', null, '2017-06-29 00:38:40.823156', '2017-06-29 00:38:40.823476'), ('213', 'E', '建筑业', '49', '建筑装饰业', 'E490', '建筑装饰业', null, '2017-06-29 00:38:40.825057', '2017-06-29 00:38:40.825398'), ('214', 'E', '建筑业', '50', '其他建筑业', 'E501', '工程准备', null, '2017-06-29 00:38:40.826998', '2017-06-29 00:38:40.827320'), ('215', 'E', '建筑业', '50', '其他建筑业', 'E502', '提供施工设备服务', null, '2017-06-29 00:38:40.828833', '2017-06-29 00:38:40.829154'), ('216', 'E', '建筑业', '50', '其他建筑业', 'E509', '其他未列明的建筑活动', null, '2017-06-29 00:38:40.830713', '2017-06-29 00:38:40.831017'), ('217', 'F', '交通运输、仓储和邮政业', '51', '铁路运输业', 'F511', '铁路旅客运输', null, '2017-06-29 00:38:40.832622', '2017-06-29 00:38:40.832957'), ('218', 'F', '交通运输、仓储和邮政业', '51', '铁路运输业', 'F512', '铁路货物运输', null, '2017-06-29 00:38:40.834548', '2017-06-29 00:38:40.834880'), ('219', 'F', '交通运输、仓储和邮政业', '51', '铁路运输业', 'F513', '铁路运输辅助活动', '包括客运火车站，货运火车站，其他铁路运输辅助活动。', '2017-06-29 00:38:40.836370', '2017-06-29 00:38:40.836739'), ('220', 'F', '交通运输、仓储和邮政业', '52', '道路运输业', 'F521', '公路旅客运输', null, '2017-06-29 00:38:40.838568', '2017-06-29 00:38:40.838892'), ('221', 'F', '交通运输、仓储和邮政业', '52', '道路运输业', 'F522', '道路货物运输', null, '2017-06-29 00:38:40.840456', '2017-06-29 00:38:40.840823'), ('222', 'F', '交通运输、仓储和邮政业', '52', '道路运输业', 'F523', '道路运输辅助活动', '包括客运汽车站，公路管理与养护，其他道路运输辅助活动。', '2017-06-29 00:38:40.842505', '2017-06-29 00:38:40.842903'), ('223', 'F', '交通运输、仓储和邮政业', '53', '城市公共交通业', 'F531', '公共电汽车客运', null, '2017-06-29 00:38:40.844552', '2017-06-29 00:38:40.844877'), ('224', 'F', '交通运输、仓储和邮政业', '53', '城市公共交通业', 'F532', '轨道交通', null, '2017-06-29 00:38:40.846336', '2017-06-29 00:38:40.846659'), ('225', 'F', '交通运输、仓储和邮政业', '53', '城市公共交通业', 'F533', '出租车客运', null, '2017-06-29 00:38:40.848155', '2017-06-29 00:38:40.848482'), ('226', 'F', '交通运输、仓储和邮政业', '53', '城市公共交通业', 'F534', '城市轮渡', null, '2017-06-29 00:38:40.850126', '2017-06-29 00:38:40.850453'), ('227', 'F', '交通运输、仓储和邮政业', '53', '城市公共交通业', 'F539', '其他城市公共交通', null, '2017-06-29 00:38:40.851966', '2017-06-29 00:38:40.852305'), ('228', 'F', '交通运输、仓储和邮政业', '54', '水上运输业', 'F541', '水上旅客运输', '包括远洋旅客运输，沿海旅客运输，内河旅客运输。', '2017-06-29 00:38:40.854009', '2017-06-29 00:38:40.854351'), ('229', 'F', '交通运输、仓储和邮政业', '54', '水上运输业', 'F542', '水上货物运输', '包括远洋货物运输，沿海货物运输，内河货物运输。', '2017-06-29 00:38:40.855961', '2017-06-29 00:38:40.856284'), ('230', 'F', '交通运输、仓储和邮政业', '54', '水上运输业', 'F543', '水上运输辅助活动', '包括客运港口，货运港口，其他水上运输辅助活动。', '2017-06-29 00:38:40.857832', '2017-06-29 00:38:40.858240'), ('231', 'F', '交通运输、仓储和邮政业', '55', '航空运输业', 'F551', '航空客货运输', '包括航空旅客运输，航空货物运输。', '2017-06-29 00:38:40.860003', '2017-06-29 00:38:40.860338'), ('232', 'F', '交通运输、仓储和邮政业', '55', '航空运输业', 'F552', '通用航空服务', null, '2017-06-29 00:38:40.861921', '2017-06-29 00:38:40.862252'), ('233', 'F', '交通运输、仓储和邮政业', '55', '航空运输业', 'F553', '航空运输辅助活动', '包括机场，空中交通管理，其他航空运输辅助活动。', '2017-06-29 00:38:40.863768', '2017-06-29 00:38:40.864108'), ('234', 'F', '交通运输、仓储和邮政业', '56', '管道运输业', 'F560', '管道运输业', null, '2017-06-29 00:38:40.865744', '2017-06-29 00:38:40.866087'), ('235', 'F', '交通运输、仓储和邮政业', '57', '装卸搬运和其他运输服务业', 'F571', '装卸搬运', null, '2017-06-29 00:38:40.867706', '2017-06-29 00:38:40.868031'), ('236', 'F', '交通运输、仓储和邮政业', '57', '装卸搬运和其他运输服务业', 'F572', '运输代理服务', null, '2017-06-29 00:38:40.869546', '2017-06-29 00:38:40.869873'), ('237', 'F', '交通运输、仓储和邮政业', '58', '仓储业', 'F581', '谷物、棉花等农产品仓储', null, '2017-06-29 00:38:40.871459', '2017-06-29 00:38:40.871802'), ('238', 'F', '交通运输、仓储和邮政业', '58', '仓储业', 'F589', '其他仓储', null, '2017-06-29 00:38:40.873401', '2017-06-29 00:38:40.873723'), ('239', 'F', '交通运输、仓储和邮政业', '59', '邮政业', 'F591', '国家邮政', null, '2017-06-29 00:38:40.875294', '2017-06-29 00:38:40.875619'), ('240', 'F', '交通运输、仓储和邮政业', '59', '邮政业', 'F599', '其他寄递服务', null, '2017-06-29 00:38:40.877131', '2017-06-29 00:38:40.877456'), ('241', 'G', '信息传输、计算机服务和软件业', '60', '电信和其他信息传输服务业', 'G601', '电信', '包括固定电信服务，移动电信服务，其他电信服务。', '2017-06-29 00:38:40.878885', '2017-06-29 00:38:40.879205'), ('242', 'G', '信息传输、计算机服务和软件业', '60', '电信和其他信息传输服务业', 'G602', '互联网信息服务', null, '2017-06-29 00:38:40.880777', '2017-06-29 00:38:40.881102'), ('243', 'G', '信息传输、计算机服务和软件业', '60', '电信和其他信息传输服务业', 'G603', '广播电视传输服务', '包括有线广播电视传输服务，无线广播电视传输服务。', '2017-06-29 00:38:40.882727', '2017-06-29 00:38:40.883064'), ('244', 'G', '信息传输、计算机服务和软件业', '60', '电信和其他信息传输服务业', 'G604', '卫星传输服务', null, '2017-06-29 00:38:40.884576', '2017-06-29 00:38:40.884897'), ('245', 'G', '信息传输、计算机服务和软件业', '61', '计算机服务业', 'G611', '计算机系统服务', null, '2017-06-29 00:38:40.886426', '2017-06-29 00:38:40.886807'), ('246', 'G', '信息传输、计算机服务和软件业', '61', '计算机服务业', 'G612', '数据处理', null, '2017-06-29 00:38:40.888810', '2017-06-29 00:38:40.889172'), ('247', 'G', '信息传输、计算机服务和软件业', '61', '计算机服务业', 'G613', '计算机维修', null, '2017-06-29 00:38:40.890828', '2017-06-29 00:38:40.891181'), ('248', 'G', '信息传输、计算机服务和软件业', '61', '计算机服务业', 'G619', '其他计算机服务', null, '2017-06-29 00:38:40.892756', '2017-06-29 00:38:40.893093'), ('249', 'G', '信息传输、计算机服务和软件业', '62', '软件业', 'G621', '公共软件服务', '包括基础软件服务，应用软件服务。', '2017-06-29 00:38:40.894709', '2017-06-29 00:38:40.895056'), ('250', 'G', '信息传输、计算机服务和软件业', '62', '软件业', 'G629', '其他软件服务', null, '2017-06-29 00:38:40.896606', '2017-06-29 00:38:40.896930'), ('251', 'H', '批发和零售业', '63', '批发业', 'H631', '农畜产品批发', '包括谷物、豆及薯类批发，种子、饲料批发，棉、麻批发，牲畜批发，其他农畜产品批发。', '2017-06-29 00:38:40.898645', '2017-06-29 00:38:40.899008'), ('252', 'H', '批发和零售业', '63', '批发业', 'H632', '食品、饮料及烟草制品批发', '包括米、面制品及食用油批发，糕点、糖果及糖批发，果品、蔬菜批发，肉、禽、蛋及水产品批发，盐及调味品批发，饮料及茶叶批发，烟草制品批发，其他食品批发。', '2017-06-29 00:38:40.900603', '2017-06-29 00:38:40.900919'), ('253', 'H', '批发和零售业', '63', '批发业', 'H633', '纺织、服装及日用品批发', '包括纺织品、针织品及原料批发，服装批发，鞋帽批发，厨房、卫生间用具及日用杂货批发，化妆品及卫生用品批发，其他日用品批发。', '2017-06-29 00:38:40.902535', '2017-06-29 00:38:40.902897'), ('254', 'H', '批发和零售业', '63', '批发业', 'H634', '文化、体育用品及器材批发', '包括文具用品批发，体育用品批发，图书批发，报刊批发，音像制品及电子出版物批发，首饰、工艺品及收藏品批发，其他文化用品批发。', '2017-06-29 00:38:40.904510', '2017-06-29 00:38:40.904826'), ('255', 'H', '批发和零售业', '63', '批发业', 'H635', '医药及医疗器材批发', '包括西药批发，中药材及中成药批发，医疗用品及器材批发。', '2017-06-29 00:38:40.906666', '2017-06-29 00:38:40.907040'), ('256', 'H', '批发和零售业', '63', '批发业', 'H636', '矿产品、建材及化工产品批发', '包括煤炭及制品批发，石油及制品批发，非金属矿及制品批发，金属及金属矿批发，建材批发，化肥批发，农药批发，农用薄膜批发，其他化工产品批发。', '2017-06-29 00:38:40.908791', '2017-06-29 00:38:40.909173'), ('257', 'H', '批发和零售业', '63', '批发业', 'H637', '机械设备、五金交电及电子产品批发', '包括农业机械批发，汽车、摩托车及零配件批发，五金、交电批发，家用电器批发，计算机、软件及辅助设备批发，通讯及广播电视设备批发，其他机械设备及电子产品批发。', '2017-06-29 00:38:40.910954', '2017-06-29 00:38:40.911283'), ('258', 'H', '批发和零售业', '63', '批发业', 'H638', '贸易经纪与代理', null, '2017-06-29 00:38:40.913021', '2017-06-29 00:38:40.913375'), ('259', 'H', '批发和零售业', '63', '批发业', 'H639', '其他批发', '包括再生物资回收与批发，其他未列明的批发。', '2017-06-29 00:38:40.915080', '2017-06-29 00:38:40.915419'), ('260', 'H', '批发和零售业', '65', '零售业', 'H651', '综合零售', '包括百货零售，超级市场零售，其他综合零售。', '2017-06-29 00:38:40.916962', '2017-06-29 00:38:40.917341'), ('261', 'H', '批发和零售业', '65', '零售业', 'H652', '食品、饮料及烟草制品专门零售', '包括粮油零售，糕点、面包零售，果品、蔬菜零售，肉、禽、蛋及水产品零售，饮料及茶叶零售，烟草制品零售，其他食品零售。', '2017-06-29 00:38:40.919262', '2017-06-29 00:38:40.919634'), ('262', 'H', '批发和零售业', '65', '零售业', 'H653', '纺织、服装及日用品专门零售', '包括纺织品及针织品零售，服装零售，鞋帽零售，钟表、眼镜零售，化妆品及卫生用品零售，其他日用品零售。', '2017-06-29 00:38:40.921385', '2017-06-29 00:38:40.921832'), ('263', 'H', '批发和零售业', '65', '零售业', 'H654', '文化、体育用品及器材专门零售', '包括文具用品零售，体育用品零售，图书零售，报刊零售，音像制品及电子出版物零售，珠宝首饰零售，工艺美术品及收藏品零售，照相器材零售，其他文化用品零售。', '2017-06-29 00:38:40.923794', '2017-06-29 00:38:40.924148'), ('264', 'H', '批发和零售业', '65', '零售业', 'H655', '医药及医疗器材专门零售', '包括药品零售，医疗用品及器材零售。', '2017-06-29 00:38:40.925752', '2017-06-29 00:38:40.926086'), ('265', 'H', '批发和零售业', '65', '零售业', 'H656', '汽车、摩托车、燃料及零配件专门零售', '包括汽车零售，汽车零配件零售，摩托车及零配件零售，机动车燃料零售。', '2017-06-29 00:38:40.927741', '2017-06-29 00:38:40.928078'), ('266', 'H', '批发和零售业', '65', '零售业', 'H657', '家用电器及电子产品专门零售', '包括家用电器零售，计算机、软件及辅助设备零售，通信设备零售，其他电子产品零售。', '2017-06-29 00:38:40.929775', '2017-06-29 00:38:40.930129'), ('267', 'H', '批发和零售业', '65', '零售业', 'H658', '五金、家具及室内装修材料专门零售', '包括五金零售，家具零售，涂料零售，其他室内装修材料零售。', '2017-06-29 00:38:40.931937', '2017-06-29 00:38:40.932268'), ('268', 'H', '批发和零售业', '65', '零售业', 'H659', '无店铺及其他零售', '包括流动货摊零售，邮购及电子销售，生活用燃料零售，花卉零售，旧货零售，其他未列明的零售。', '2017-06-29 00:38:40.933886', '2017-06-29 00:38:40.934219'), ('269', 'I', '住宿和餐饮业', '66', '住宿业', 'I661', '旅游饭店', null, '2017-06-29 00:38:40.935761', '2017-06-29 00:38:40.936086'), ('270', 'I', '住宿和餐饮业', '66', '住宿业', 'I662', '一般旅馆', null, '2017-06-29 00:38:40.937637', '2017-06-29 00:38:40.937968'), ('271', 'I', '住宿和餐饮业', '66', '住宿业', 'I669', '其他住宿服务', null, '2017-06-29 00:38:40.939597', '2017-06-29 00:38:40.939941'), ('272', 'I', '住宿和餐饮业', '67', '餐饮业', 'I671', '正餐服务', null, '2017-06-29 00:38:40.941632', '2017-06-29 00:38:40.941975'), ('273', 'I', '住宿和餐饮业', '67', '餐饮业', 'I672', '快餐服务', null, '2017-06-29 00:38:40.943526', '2017-06-29 00:38:40.943877'), ('274', 'I', '住宿和餐饮业', '67', '餐饮业', 'I673', '饮料及冷饮服务', null, '2017-06-29 00:38:40.945526', '2017-06-29 00:38:40.945974'), ('275', 'I', '住宿和餐饮业', '67', '餐饮业', 'I679', '其他餐饮服务', null, '2017-06-29 00:38:40.947642', '2017-06-29 00:38:40.948000'), ('276', 'J', '金融业', '68', '银行业', 'J681', '中央银行', null, '2017-06-29 00:38:40.949718', '2017-06-29 00:38:40.950055'), ('277', 'J', '金融业', '68', '银行业', 'J682', '商业银行', null, '2017-06-29 00:38:40.951744', '2017-06-29 00:38:40.952101'), ('278', 'J', '金融业', '68', '银行业', 'J689', '其他银行', null, '2017-06-29 00:38:40.953754', '2017-06-29 00:38:40.954120'), ('279', 'J', '金融业', '69', '证券业', 'J691', '证券市场管理', null, '2017-06-29 00:38:40.955795', '2017-06-29 00:38:40.956810'), ('280', 'J', '金融业', '69', '证券业', 'J692', '证券经纪与交易', null, '2017-06-29 00:38:40.958999', '2017-06-29 00:38:40.959354'), ('281', 'J', '金融业', '69', '证券业', 'J693', '证券投资', null, '2017-06-29 00:38:40.960979', '2017-06-29 00:38:40.961346'), ('282', 'J', '金融业', '69', '证券业', 'J694', '证券分析与咨询', null, '2017-06-29 00:38:40.963026', '2017-06-29 00:38:40.963452'), ('283', 'J', '金融业', '70', '保险业', 'J701', '人寿保险', null, '2017-06-29 00:38:40.965282', '2017-06-29 00:38:40.965620'), ('284', 'J', '金融业', '70', '保险业', 'J702', '非人寿保险', null, '2017-06-29 00:38:40.967216', '2017-06-29 00:38:40.967541'), ('285', 'J', '金融业', '70', '保险业', 'J703', '保险辅助服务', null, '2017-06-29 00:38:40.969107', '2017-06-29 00:38:40.969443'), ('286', 'J', '金融业', '71', '其他金融活动', 'J711', '金融信托与管理', null, '2017-06-29 00:38:40.971337', '2017-06-29 00:38:40.972093'), ('287', 'J', '金融业', '71', '其他金融活动', 'J712', '金融租赁', null, '2017-06-29 00:38:40.974617', '2017-06-29 00:38:40.975017'), ('288', 'J', '金融业', '71', '其他金融活动', 'J713', '财务公司', null, '2017-06-29 00:38:40.976736', '2017-06-29 00:38:40.977128'), ('289', 'J', '金融业', '71', '其他金融活动', 'J714', '邮政储蓄', null, '2017-06-29 00:38:40.979030', '2017-06-29 00:38:40.979400'), ('290', 'J', '金融业', '71', '其他金融活动', 'J715', '典当', null, '2017-06-29 00:38:40.981076', '2017-06-29 00:38:40.981437'), ('291', 'J', '金融业', '71', '其他金融活动', 'J719', '其他未列明的金融活动', null, '2017-06-29 00:38:40.983379', '2017-06-29 00:38:40.983775'), ('292', 'K', '房地产业', '72', '房地产业', 'K721', '房地产开发经营', null, '2017-06-29 00:38:40.985587', '2017-06-29 00:38:40.985957'), ('293', 'K', '房地产业', '72', '房地产业', 'K722', '物业管理', null, '2017-06-29 00:38:40.987656', '2017-06-29 00:38:40.987989'), ('294', 'K', '房地产业', '72', '房地产业', 'K723', '房地产中介服务', null, '2017-06-29 00:38:40.989726', '2017-06-29 00:38:40.990070'), ('295', 'K', '房地产业', '72', '房地产业', 'K729', '其他房地产活动', null, '2017-06-29 00:38:40.991636', '2017-06-29 00:38:40.991935'), ('296', 'L', '租赁和商务服务业', '73', '租赁业', 'L731', '机械设备租赁', '包括汽车租赁，农业机械租赁，建筑工程机械与设备租赁，计算机及通讯设备租赁，其他机械与设备租赁。', '2017-06-29 00:38:40.993411', '2017-06-29 00:38:40.993715'), ('297', 'L', '租赁和商务服务业', '73', '租赁业', 'L732', '文化及日用品出租', '包括图书及音像制品出租，其他文化及日用品出租。', '2017-06-29 00:38:40.995224', '2017-06-29 00:38:40.995526'), ('298', 'L', '租赁和商务服务业', '74', '商务服务业', 'L741', '企业管理服务', '包括企业管理机构，投资与资产管理，其他企业管理服务。', '2017-06-29 00:38:40.996999', '2017-06-29 00:38:40.997295'), ('299', 'L', '租赁和商务服务业', '74', '商务服务业', 'L742', '法律服务', '包括律师及相关的法律服务，公证服务，其他法律服务。', '2017-06-29 00:38:40.998834', '2017-06-29 00:38:40.999138'), ('300', 'L', '租赁和商务服务业', '74', '商务服务业', 'L743', '咨询与调查', '包括会计、审计及税务服务，市场调查，社会经济咨询，其他专业咨询。', '2017-06-29 00:38:41.000749', '2017-06-29 00:38:41.001079'), ('301', 'L', '租赁和商务服务业', '74', '商务服务业', 'L744', '广告业', null, '2017-06-29 00:38:41.002823', '2017-06-29 00:38:41.003182'), ('302', 'L', '租赁和商务服务业', '74', '商务服务业', 'L745', '知识产权服务', null, '2017-06-29 00:38:41.006329', '2017-06-29 00:38:41.006981'), ('303', 'L', '租赁和商务服务业', '74', '商务服务业', 'L746', '职业中介服务', null, '2017-06-29 00:38:41.009169', '2017-06-29 00:38:41.009515'), ('304', 'L', '租赁和商务服务业', '74', '商务服务业', 'L747', '市场管理', null, '2017-06-29 00:38:41.011336', '2017-06-29 00:38:41.011676'), ('305', 'L', '租赁和商务服务业', '74', '商务服务业', 'L748', '旅行社', null, '2017-06-29 00:38:41.013346', '2017-06-29 00:38:41.013683'), ('306', 'L', '租赁和商务服务业', '74', '商务服务业', 'L749', '其他商务服务', '包括会议及展览服务，包装服务，保安服务，办公服务，其他未列明的商务服务。', '2017-06-29 00:38:41.015331', '2017-06-29 00:38:41.015646'), ('307', 'M', '科学研究、技术服务和地质勘查业', '75', '研究与试验发展', 'M751', '自然科学研究与试验发展', null, '2017-06-29 00:38:41.017271', '2017-06-29 00:38:41.017726'), ('308', 'M', '科学研究、技术服务和地质勘查业', '75', '研究与试验发展', 'M752', '工程和技术研究与试验发展', null, '2017-06-29 00:38:41.019999', '2017-06-29 00:38:41.020516'), ('309', 'M', '科学研究、技术服务和地质勘查业', '75', '研究与试验发展', 'M753', '农业科学研究与试验发展', null, '2017-06-29 00:38:41.024902', '2017-06-29 00:38:41.025746'), ('310', 'M', '科学研究、技术服务和地质勘查业', '75', '研究与试验发展', 'M754', '医学研究与试验发展', null, '2017-06-29 00:38:41.028219', '2017-06-29 00:38:41.028576'), ('311', 'M', '科学研究、技术服务和地质勘查业', '75', '研究与试验发展', 'M755', '社会人文科学研究与试验发展', null, '2017-06-29 00:38:41.030424', '2017-06-29 00:38:41.030795'), ('312', 'M', '科学研究、技术服务和地质勘查业', '76', '专业技术服务业', 'M761', '气象服务', null, '2017-06-29 00:38:41.032543', '2017-06-29 00:38:41.032886'), ('313', 'M', '科学研究、技术服务和地质勘查业', '76', '专业技术服务业', 'M762', '地震服务', null, '2017-06-29 00:38:41.036381', '2017-06-29 00:38:41.037649'), ('314', 'M', '科学研究、技术服务和地质勘查业', '76', '专业技术服务业', 'M763', '海洋服务', null, '2017-06-29 00:38:41.039605', '2017-06-29 00:38:41.040000'), ('315', 'M', '科学研究、技术服务和地质勘查业', '76', '专业技术服务业', 'M764', '测绘服务', null, '2017-06-29 00:38:41.042264', '2017-06-29 00:38:41.042734'), ('316', 'M', '科学研究、技术服务和地质勘查业', '76', '专业技术服务业', 'M765', '技术检测', null, '2017-06-29 00:38:41.044597', '2017-06-29 00:38:41.044968'), ('317', 'M', '科学研究、技术服务和地质勘查业', '76', '专业技术服务业', 'M766', '环境监测', null, '2017-06-29 00:38:41.046955', '2017-06-29 00:38:41.047713'), ('318', 'M', '科学研究、技术服务和地质勘查业', '76', '专业技术服务业', 'M767', '工程技术与规划管理', '包括工程管理服务，工程勘察设计，规划管理。', '2017-06-29 00:38:41.052209', '2017-06-29 00:38:41.052612'), ('319', 'M', '科学研究、技术服务和地质勘查业', '76', '专业技术服务业', 'M769', '其他专业技术服务', null, '2017-06-29 00:38:41.054785', '2017-06-29 00:38:41.055165'), ('320', 'M', '科学研究、技术服务和地质勘查业', '77', '科技交流和推广服务业', 'M771', '技术推广服务', null, '2017-06-29 00:38:41.059277', '2017-06-29 00:38:41.059862'), ('321', 'M', '科学研究、技术服务和地质勘查业', '77', '科技交流和推广服务业', 'M772', '科技中介服务', null, '2017-06-29 00:38:41.062768', '2017-06-29 00:38:41.063246'), ('322', 'M', '科学研究、技术服务和地质勘查业', '77', '科技交流和推广服务业', 'M779', '其他科技服务', null, '2017-06-29 00:38:41.065376', '2017-06-29 00:38:41.066039'), ('323', 'M', '科学研究、技术服务和地质勘查业', '78', '地质勘查业', 'M781', '矿产地质勘查', '包括能源矿产地质勘查，固体矿产地质勘查，其他矿产地质勘查。', '2017-06-29 00:38:41.070839', '2017-06-29 00:38:41.071462'), ('324', 'M', '科学研究、技术服务和地质勘查业', '78', '地质勘查业', 'M782', '基础地质勘查', null, '2017-06-29 00:38:41.073573', '2017-06-29 00:38:41.074163'), ('325', 'M', '科学研究、技术服务和地质勘查业', '78', '地质勘查业', 'M783', '地质勘查技术服务', null, '2017-06-29 00:38:41.076106', '2017-06-29 00:38:41.076436'), ('326', 'N', '水利、环境和公共设施管理业', '79', '水利管理业', 'N791', '防洪管理', null, '2017-06-29 00:38:41.078267', '2017-06-29 00:38:41.078725'), ('327', 'N', '水利、环境和公共设施管理业', '79', '水利管理业', 'N792', '水资源管理', '包括水库管理，调水、引水管理，其他水资源管理。', '2017-06-29 00:38:41.083048', '2017-06-29 00:38:41.083492'), ('328', 'N', '水利、环境和公共设施管理业', '79', '水利管理业', 'N799', '其他水利管理', null, '2017-06-29 00:38:41.085358', '2017-06-29 00:38:41.085708'), ('329', 'N', '水利、环境和公共设施管理业', '80', '环境管理业', 'N801', '自然保护', '包括自然保护区管理，野生动植物保护，其他自然保护。', '2017-06-29 00:38:41.089706', '2017-06-29 00:38:41.090256'), ('330', 'N', '水利、环境和公共设施管理业', '80', '环境管理业', 'N802', '环境治理', '包括城市市容管理，城市环境卫生管理，水污染治理，危险废物治理，其他环境治理。', '2017-06-29 00:38:41.096825', '2017-06-29 00:38:41.098042'), ('331', 'N', '水利、环境和公共设施管理业', '81', '公共设施管理业', 'N813', '游览景区管理', '包括风景名胜区管理，公园管理，其他游览景区管理。', '2017-06-29 00:38:41.101498', '2017-06-29 00:38:41.101913'), ('332', 'O', '居民服务和其他服务业', '82', '居民服务业', 'O821', '家庭服务', null, '2017-06-29 00:38:41.103608', '2017-06-29 00:38:41.104020'), ('333', 'O', '居民服务和其他服务业', '82', '居民服务业', 'O822', '托儿所', null, '2017-06-29 00:38:41.107437', '2017-06-29 00:38:41.107833'), ('334', 'O', '居民服务和其他服务业', '82', '居民服务业', 'O823', '洗染服务', null, '2017-06-29 00:38:41.110199', '2017-06-29 00:38:41.110593'), ('335', 'O', '居民服务和其他服务业', '82', '居民服务业', 'O824', '理发及美容保健服务', null, '2017-06-29 00:38:41.112391', '2017-06-29 00:38:41.112804'), ('336', 'O', '居民服务和其他服务业', '82', '居民服务业', 'O825', '洗浴服务', null, '2017-06-29 00:38:41.116348', '2017-06-29 00:38:41.117189'), ('337', 'O', '居民服务和其他服务业', '82', '居民服务业', 'O826', '婚姻服务', null, '2017-06-29 00:38:41.119211', '2017-06-29 00:38:41.119583'), ('338', 'O', '居民服务和其他服务业', '82', '居民服务业', 'O827', '殡葬服务', null, '2017-06-29 00:38:41.122932', '2017-06-29 00:38:41.123352'), ('339', 'O', '居民服务和其他服务业', '82', '居民服务业', 'O828', '摄影扩印服务', null, '2017-06-29 00:38:41.125726', '2017-06-29 00:38:41.126157'), ('340', 'O', '居民服务和其他服务业', '82', '居民服务业', 'O829', '其他居民服务', null, '2017-06-29 00:38:41.127996', '2017-06-29 00:38:41.128347'), ('341', 'O', '居民服务和其他服务业', '83', '其他服务业', 'O831', '修理与维护', '包括汽车、摩托车维护与保养，办公设备维修，家用电器修理，其他日用品修理。', '2017-06-29 00:38:41.131892', '2017-06-29 00:38:41.132456'), ('342', 'O', '居民服务和其他服务业', '83', '其他服务业', 'O832', '清洁服务', '包括建筑物清洁服务，其他清洁服务。', '2017-06-29 00:38:41.137152', '2017-06-29 00:38:41.137748'), ('343', 'O', '居民服务和其他服务业', '83', '其他服务业', 'O839', '其他未列明的服务', null, '2017-06-29 00:38:41.139882', '2017-06-29 00:38:41.140370'), ('344', 'P', '教育', '84', '教育', 'P841', '学前教育', null, '2017-06-29 00:38:41.143623', '2017-06-29 00:38:41.144730'), ('345', 'P', '教育', '84', '教育', 'P842', '初等教育', null, '2017-06-29 00:38:41.148285', '2017-06-29 00:38:41.148671'), ('346', 'P', '教育', '84', '教育', 'P843', '中等教育', '包括初中教育，高中教育，中等专业教育，职业中学教育，技工学校教育，其他中等教育。', '2017-06-29 00:38:41.150856', '2017-06-29 00:38:41.152185'), ('347', 'P', '教育', '84', '教育', 'P844', '高等教育', '包括普通高等教育，成人高等教育。', '2017-06-29 00:38:41.155582', '2017-06-29 00:38:41.155960'), ('348', 'P', '教育', '84', '教育', 'P849', '其他教育', '包括职业技能培训，特殊教育，其他未列明的教育。', '2017-06-29 00:38:41.158221', '2017-06-29 00:38:41.158669'), ('349', 'Q', '卫生、社会保障和社会福利业', '85', '卫生', 'Q851', '医院', '包括综合医院，中医医院，中西医结合医院，民族医院，专科医院，疗养院。', '2017-06-29 00:38:41.161061', '2017-06-29 00:38:41.162470'), ('350', 'Q', '卫生、社会保障和社会福利业', '85', '卫生', 'Q852', '卫生院及社区医疗活动', null, '2017-06-29 00:38:41.166662', '2017-06-29 00:38:41.167038'), ('351', 'Q', '卫生、社会保障和社会福利业', '85', '卫生', 'Q853', '门诊部医疗活动', null, '2017-06-29 00:38:41.168865', '2017-06-29 00:38:41.169356'), ('352', 'Q', '卫生、社会保障和社会福利业', '85', '卫生', 'Q854', '计划生育技术服务活动', null, '2017-06-29 00:38:41.172026', '2017-06-29 00:38:41.172388'), ('353', 'Q', '卫生、社会保障和社会福利业', '85', '卫生', 'Q855', '妇幼保健活动', null, '2017-06-29 00:38:41.176091', '2017-06-29 00:38:41.176458'), ('354', 'Q', '卫生、社会保障和社会福利业', '85', '卫生', 'Q856', '专科疾病防治活动', null, '2017-06-29 00:38:41.178563', '2017-06-29 00:38:41.179586'), ('355', 'Q', '卫生、社会保障和社会福利业', '85', '卫生', 'Q857', '疾病预防控制及防疫活动', null, '2017-06-29 00:38:41.183860', '2017-06-29 00:38:41.184273'), ('356', 'Q', '卫生、社会保障和社会福利业', '85', '卫生', 'Q859', '其他卫生活动', null, '2017-06-29 00:38:41.186156', '2017-06-29 00:38:41.186544'), ('357', 'Q', '卫生、社会保障和社会福利业', '86', '社会保障业', 'Q860', '社会保障业', null, '2017-06-29 00:38:41.189169', '2017-06-29 00:38:41.189582'), ('358', 'Q', '卫生、社会保障和社会福利业', '87', '社会福利业', 'Q871', '提供住宿的社会福利', '包括干部休养所，收养收容服务。', '2017-06-29 00:38:41.193169', '2017-06-29 00:38:41.193634'), ('359', 'Q', '卫生、社会保障和社会福利业', '87', '社会福利业', 'Q872', '不提供住宿的社会福利', null, '2017-06-29 00:38:41.195920', '2017-06-29 00:38:41.196498'), ('360', 'R', '文化、体育和娱乐业', '88', '新闻出版业', 'R881', '新闻业', null, '2017-06-29 00:38:41.198466', '2017-06-29 00:38:41.198820'), ('361', 'R', '文化、体育和娱乐业', '88', '新闻出版业', 'R882', '出版业', '包括图书出版，报纸出版，期刊出版，音像制品出版，电子出版物出版，其他出版。', '2017-06-29 00:38:41.200628', '2017-06-29 00:38:41.201501'), ('362', 'R', '文化、体育和娱乐业', '89', '广播、电视、电影和音像业', 'R891', '广播', null, '2017-06-29 00:38:41.206598', '2017-06-29 00:38:41.207007'), ('363', 'R', '文化、体育和娱乐业', '89', '广播、电视、电影和音像业', 'R892', '电视', null, '2017-06-29 00:38:41.209386', '2017-06-29 00:38:41.210289'), ('364', 'R', '文化、体育和娱乐业', '89', '广播、电视、电影和音像业', 'R893', '电影', '包括电影制作与发行，电影放映。', '2017-06-29 00:38:41.213083', '2017-06-29 00:38:41.213558'), ('365', 'R', '文化、体育和娱乐业', '89', '广播、电视、电影和音像业', 'R894', '音像制作', null, '2017-06-29 00:38:41.216032', '2017-06-29 00:38:41.216430'), ('366', 'R', '文化、体育和娱乐业', '90', '文化艺术业', 'R901', '文艺创作与表演', null, '2017-06-29 00:38:41.218373', '2017-06-29 00:38:41.219144'), ('367', 'R', '文化、体育和娱乐业', '90', '文化艺术业', 'R902', '艺术表演场馆', null, '2017-06-29 00:38:41.224456', '2017-06-29 00:38:41.224846'), ('368', 'R', '文化、体育和娱乐业', '90', '文化艺术业', 'R903', '图书馆与档案馆', '包括图书馆，档案馆。', '2017-06-29 00:38:41.226740', '2017-06-29 00:38:41.227081'), ('369', 'R', '文化、体育和娱乐业', '90', '文化艺术业', 'R904', '文物及文化保护', null, '2017-06-29 00:38:41.228993', '2017-06-29 00:38:41.229383'), ('370', 'R', '文化、体育和娱乐业', '90', '文化艺术业', 'R905', '博物馆', null, '2017-06-29 00:38:41.233501', '2017-06-29 00:38:41.233999'), ('371', 'R', '文化、体育和娱乐业', '90', '文化艺术业', 'R906', '烈士陵园、纪念馆', null, '2017-06-29 00:38:41.235870', '2017-06-29 00:38:41.236278'), ('372', 'R', '文化、体育和娱乐业', '90', '文化艺术业', 'R907', '群众文化活动', null, '2017-06-29 00:38:41.241356', '2017-06-29 00:38:41.241863'), ('373', 'R', '文化、体育和娱乐业', '90', '文化艺术业', 'R908', '文化艺术经纪代理', null, '2017-06-29 00:38:41.244337', '2017-06-29 00:38:41.244719'), ('374', 'R', '文化、体育和娱乐业', '90', '文化艺术业', 'R909', '其他文化艺术', null, '2017-06-29 00:38:41.246598', '2017-06-29 00:38:41.246969'), ('375', 'R', '文化、体育和娱乐业', '91', '体育', 'R911', '体育组织', null, '2017-06-29 00:38:41.249881', '2017-06-29 00:38:41.251334'), ('376', 'R', '文化、体育和娱乐业', '91', '体育', 'R912', '体育场馆', null, '2017-06-29 00:38:41.253952', '2017-06-29 00:38:41.254357'), ('377', 'R', '文化、体育和娱乐业', '91', '体育', 'R919', '其他体育', null, '2017-06-29 00:38:41.256298', '2017-06-29 00:38:41.256663'), ('378', 'R', '文化、体育和娱乐业', '92', '娱乐业', 'R921', '室内娱乐活动', null, '2017-06-29 00:38:41.259971', '2017-06-29 00:38:41.260419'), ('379', 'R', '文化、体育和娱乐业', '92', '娱乐业', 'R922', '游乐园', null, '2017-06-29 00:38:41.264774', '2017-06-29 00:38:41.265315'), ('380', 'R', '文化、体育和娱乐业', '92', '娱乐业', 'R923', '休闲健身娱乐活动', null, '2017-06-29 00:38:41.268247', '2017-06-29 00:38:41.269528'), ('381', 'R', '文化、体育和娱乐业', '92', '娱乐业', 'R929', '其他娱乐活动', null, '2017-06-29 00:38:41.273879', '2017-06-29 00:38:41.274355'), ('382', 'S', '公共管理和社会组织', '93', '中国共产党机关', 'S930', '中国共产党机关', null, '2017-06-29 00:38:41.276340', '2017-06-29 00:38:41.276842'), ('383', 'S', '公共管理和社会组织', '94', '国家机构', 'S941', '国家权力机构', null, '2017-06-29 00:38:41.279737', '2017-06-29 00:38:41.281611'), ('384', 'S', '公共管理和社会组织', '94', '国家机构', 'S942', '国家行政机构', '包括综合事务管理机构，对外事务管理机构，公共安全管理机构，社会事务管理机构，经济事务管理机构，政府事务管理机构，行政监督检查机构。', '2017-06-29 00:38:41.284317', '2017-06-29 00:38:41.284686'), ('385', 'S', '公共管理和社会组织', '94', '国家机构', 'S943', '人民法院和人民检察院', '包括人民法院，人民检察院。', '2017-06-29 00:38:41.286530', '2017-06-29 00:38:41.286937'), ('386', 'S', '公共管理和社会组织', '94', '国家机构', 'S949', '其他国家机构', null, '2017-06-29 00:38:41.289429', '2017-06-29 00:38:41.290515'), ('387', 'S', '公共管理和社会组织', '95', '人民政协和民主党派', 'S951', '人民政协', null, '2017-06-29 00:38:41.295281', '2017-06-29 00:38:41.295658'), ('388', 'S', '公共管理和社会组织', '95', '人民政协和民主党派', 'S952', '民主党派', null, '2017-06-29 00:38:41.297627', '2017-06-29 00:38:41.298490'), ('389', 'S', '公共管理和社会组织', '96', '群众团体、社会团体和宗教组织', 'S961', '群众团体', '包括工会，妇联，共青团，其他群众团体。', '2017-06-29 00:38:41.301433', '2017-06-29 00:38:41.301961'), ('390', 'S', '公共管理和社会组织', '96', '群众团体、社会团体和宗教组织', 'S962', '社会团体', '包括专业性团体，行业性团体，其他社会团体。', '2017-06-29 00:38:41.305646', '2017-06-29 00:38:41.306054'), ('391', 'S', '公共管理和社会组织', '96', '群众团体、社会团体和宗教组织', 'S963', '宗教组织', null, '2017-06-29 00:38:41.308036', '2017-06-29 00:38:41.308444'), ('392', 'S', '公共管理和社会组织', '97', '基层群众自治组织', 'S971', '社区自治组织', null, '2017-06-29 00:38:41.313027', '2017-06-29 00:38:41.313435'), ('393', 'S', '公共管理和社会组织', '97', '基层群众自治组织', 'S972', '村民自治组织', null, '2017-06-29 00:38:41.315268', '2017-06-29 00:38:41.315625'), ('394', 'T', '国际组织', '98', '国际组织', 'T980', '国际组织', null, '2017-06-29 00:38:41.317587', '2017-06-29 00:38:41.317990'), ('395', 'N', '水利、环境和公共设施管理业', '81', '公共设施管理业', 'N811', '市政公共设施管理', null, '2017-06-29 00:38:41.322712', '2017-06-29 00:38:41.324272'), ('396', 'N', '水利、环境和公共设施管理业', '81', '公共设施管理业', 'N812', '城市绿化管理', null, '2017-06-29 00:38:41.326342', '2017-06-29 00:38:41.326711'), ('401', null, null, null, null, 'A', '农、林、牧、渔业', null, '2017-06-29 00:38:41.330143', '2017-06-29 00:38:41.330825'), ('402', null, null, null, null, 'C', '制造业', null, '2017-06-29 00:38:41.333223', '2017-06-29 00:38:41.333597'), ('403', null, null, null, null, 'B', '采矿业', null, '2017-06-29 00:38:41.335473', '2017-06-29 00:38:41.335856'), ('404', null, null, null, null, 'D', '电力、燃气及水的生产和供应业', null, '2017-06-29 00:38:41.340001', '2017-06-29 00:38:41.341571'), ('405', null, null, null, null, 'E', '建筑业', null, '2017-06-29 00:38:41.344228', '2017-06-29 00:38:41.344614'), ('406', null, null, null, null, 'F', '交通运输、仓储和邮政业', null, '2017-06-29 00:38:41.346507', '2017-06-29 00:38:41.346869'), ('407', null, null, null, null, 'G', '信息传输、计算机服务和软件业', null, '2017-06-29 00:38:41.349052', '2017-06-29 00:38:41.349440'), ('408', null, null, null, null, 'H', '批发和零售业', null, '2017-06-29 00:38:41.353624', '2017-06-29 00:38:41.354079'), ('409', null, null, null, null, 'I', '住宿和餐饮业', null, '2017-06-29 00:38:41.356016', '2017-06-29 00:38:41.357126'), ('410', null, null, null, null, 'J', '金融业', null, '2017-06-29 00:38:41.361195', '2017-06-29 00:38:41.361660'), ('411', null, null, null, null, 'K', '房地产业', null, '2017-06-29 00:38:41.363546', '2017-06-29 00:38:41.363931'), ('412', null, null, null, null, 'L', '租赁和商务服务业', null, '2017-06-29 00:38:41.365779', '2017-06-29 00:38:41.366171'), ('413', null, null, null, null, 'M', '科学研究、技术服务和地质勘查业', null, '2017-06-29 00:38:41.368095', '2017-06-29 00:38:41.369052'), ('414', null, null, null, null, 'N', '水利、环境和公共设施管理业', null, '2017-06-29 00:38:41.372918', '2017-06-29 00:38:41.373307'), ('415', null, null, null, null, 'O', '居民服务和其他服务业', null, '2017-06-29 00:38:41.375105', '2017-06-29 00:38:41.375466'), ('416', null, null, null, null, 'P', '教育', null, '2017-06-29 00:38:41.377801', '2017-06-29 00:38:41.378247'), ('417', null, null, null, null, 'Q', '卫生、社会保障和社会福利业', null, '2017-06-29 00:38:41.380796', '2017-06-29 00:38:41.381241'), ('418', null, null, null, null, 'R', '文化、体育和娱乐业', null, '2017-06-29 00:38:41.384736', '2017-06-29 00:38:41.385154'), ('419', null, null, null, null, 'S', '公共管理和社会组织', null, '2017-06-29 00:38:41.386911', '2017-06-29 00:38:41.387272'), ('420', null, null, null, null, 'T', '国际组织', null, '2017-06-29 00:38:41.390268', '2017-06-29 00:38:41.390693'), ('501', null, null, 'A', '农、林、牧、渔业', 'A01', '农业', null, '2017-06-29 00:38:41.392446', '2017-06-29 00:38:41.392792'), ('502', null, null, 'A', '农、林、牧、渔业', 'A02', '林业', null, '2017-06-29 00:38:41.394354', '2017-06-29 00:38:41.394722'), ('503', null, null, 'A', '农、林、牧、渔业', 'A03', '畜牧业', null, '2017-06-29 00:38:41.396380', '2017-06-29 00:38:41.396742'), ('504', null, null, 'A', '农、林、牧、渔业', 'A04', '渔业', null, '2017-06-29 00:38:41.398432', '2017-06-29 00:38:41.398793'), ('505', null, null, 'A', '农、林、牧、渔业', 'A05', '农、林、牧、渔服务业', null, '2017-06-29 00:38:41.400549', '2017-06-29 00:38:41.400908'), ('506', null, null, 'B', '采矿业', 'B06', '煤炭开采和洗选业', null, '2017-06-29 00:38:41.402501', '2017-06-29 00:38:41.402912'), ('507', null, null, 'B', '采矿业', 'B07', '石油和天然气开采业', null, '2017-06-29 00:38:41.404691', '2017-06-29 00:38:41.405055'), ('508', null, null, 'B', '采矿业', 'B08', '黑色金属矿采选业', null, '2017-06-29 00:38:41.406635', '2017-06-29 00:38:41.407024'), ('509', null, null, 'B', '采矿业', 'B09', '有色金属矿采选业', null, '2017-06-29 00:38:41.408664', '2017-06-29 00:38:41.408963'), ('510', null, null, 'B', '采矿业', 'B10', '非金属矿采选业', null, '2017-06-29 00:38:41.410802', '2017-06-29 00:38:41.411200'), ('511', null, null, 'B', '采矿业', 'B11', '其他采矿业', null, '2017-06-29 00:38:41.412863', '2017-06-29 00:38:41.413196'), ('512', null, null, 'C', '制造业', 'C13', '农副食品加工业', null, '2017-06-29 00:38:41.414697', '2017-06-29 00:38:41.414995'), ('513', null, null, 'C', '制造业', 'C14', '食品制造业', null, '2017-06-29 00:38:41.416513', '2017-06-29 00:38:41.416844'), ('514', null, null, 'C', '制造业', 'C15', '饮料制造业', null, '2017-06-29 00:38:41.418425', '2017-06-29 00:38:41.418753'), ('515', null, null, 'C', '制造业', 'C16', '烟草制品业', null, '2017-06-29 00:38:41.420265', '2017-06-29 00:38:41.420624'), ('516', null, null, 'C', '制造业', 'C17', '纺织业', null, '2017-06-29 00:38:41.422186', '2017-06-29 00:38:41.422508'), ('517', null, null, 'C', '制造业', 'C18', '纺织服装、鞋、帽制造业', null, '2017-06-29 00:38:41.424126', '2017-06-29 00:38:41.424444'), ('518', null, null, 'C', '制造业', 'C19', '皮革、毛皮、羽毛(绒)及其制品业', null, '2017-06-29 00:38:41.425964', '2017-06-29 00:38:41.426262'), ('519', null, null, 'C', '制造业', 'C20', '木材加工及木、竹、藤、棕、草制品业', null, '2017-06-29 00:38:41.427848', '2017-06-29 00:38:41.428205'), ('520', null, null, 'C', '制造业', 'C21', '家具制造业', null, '2017-06-29 00:38:41.429866', '2017-06-29 00:38:41.430210'), ('521', null, null, 'C', '制造业', 'C22', '造纸及纸制品业', null, '2017-06-29 00:38:41.431804', '2017-06-29 00:38:41.432152'), ('522', null, null, 'C', '制造业', 'C23', '印刷业和记录媒介的复制', null, '2017-06-29 00:38:41.433896', '2017-06-29 00:38:41.434190'), ('523', null, null, 'C', '制造业', 'C24', '文教体育用品制造业', null, '2017-06-29 00:38:41.435687', '2017-06-29 00:38:41.436006'), ('524', null, null, 'C', '制造业', 'C25', '石油加工、炼焦及核燃料加工业', null, '2017-06-29 00:38:41.437512', '2017-06-29 00:38:41.437850'), ('525', null, null, 'C', '制造业', 'C26', '化学原料及化学制品制造业', null, '2017-06-29 00:38:41.439389', '2017-06-29 00:38:41.439731'), ('526', null, null, 'C', '制造业', 'C27', '医药制造业', null, '2017-06-29 00:38:41.441355', '2017-06-29 00:38:41.441693'), ('527', null, null, 'C', '制造业', 'C28', '化学纤维制造业', null, '2017-06-29 00:38:41.443450', '2017-06-29 00:38:41.443784'), ('528', null, null, 'C', '制造业', 'C29', '橡胶制品业', null, '2017-06-29 00:38:41.445341', '2017-06-29 00:38:41.445692'), ('529', null, null, 'C', '制造业', 'C30', '塑料制品业', null, '2017-06-29 00:38:41.447538', '2017-06-29 00:38:41.447912'), ('530', null, null, 'C', '制造业', 'C31', '非金属矿物制品业', null, '2017-06-29 00:38:41.449549', '2017-06-29 00:38:41.449883'), ('531', null, null, 'C', '制造业', 'C32', '黑色金属冶炼及压延加工业', null, '2017-06-29 00:38:41.451509', '2017-06-29 00:38:41.451872'), ('532', null, null, 'C', '制造业', 'C33', '有色金属冶炼及压延加工业', null, '2017-06-29 00:38:41.453563', '2017-06-29 00:38:41.453896'), ('533', null, null, 'C', '制造业', 'C34', '金属制品业', null, '2017-06-29 00:38:41.455500', '2017-06-29 00:38:41.455849'), ('534', null, null, 'C', '制造业', 'C35', '通用设备制造业', null, '2017-06-29 00:38:41.457635', '2017-06-29 00:38:41.458066'), ('535', null, null, 'C', '制造业', 'C36', '专用设备制造业', null, '2017-06-29 00:38:41.461417', '2017-06-29 00:38:41.461792'), ('536', null, null, 'C', '制造业', 'C37', '交通运输设备制造业', null, '2017-06-29 00:38:41.463519', '2017-06-29 00:38:41.463854'), ('537', null, null, 'C', '制造业', 'C39', '电气机械及器材制造业', null, '2017-06-29 00:38:41.465440', '2017-06-29 00:38:41.465795'), ('538', null, null, 'C', '制造业', 'C40', '通信设备、计算机及其他电子设备制造业', null, '2017-06-29 00:38:41.467337', '2017-06-29 00:38:41.467667'), ('539', null, null, 'C', '制造业', 'C41', '仪器仪表及文化、办公用机械制造业', null, '2017-06-29 00:38:41.469194', '2017-06-29 00:38:41.469520'), ('540', null, null, 'C', '制造业', 'C42', '工艺品及其他制造业', null, '2017-06-29 00:38:41.471099', '2017-06-29 00:38:41.471713'), ('541', null, null, 'C', '制造业', 'C43', '废弃资源和废旧材料回收加工业', null, '2017-06-29 00:38:41.474702', '2017-06-29 00:38:41.475165'), ('542', null, null, 'D', '电力、燃气及水的生产和供应业', 'D44', '电力、热力的生产和供应业', null, '2017-06-29 00:38:41.476859', '2017-06-29 00:38:41.477257'), ('543', null, null, 'D', '电力、燃气及水的生产和供应业', 'D45', '燃气生产和供应业', null, '2017-06-29 00:38:41.479030', '2017-06-29 00:38:41.479459'), ('544', null, null, 'D', '电力、燃气及水的生产和供应业', 'D46', '水的生产和供应业', null, '2017-06-29 00:38:41.481215', '2017-06-29 00:38:41.481613'), ('545', null, null, 'E', '建筑业', 'E47', '房屋和土木工程建筑业', null, '2017-06-29 00:38:41.483482', '2017-06-29 00:38:41.483866'), ('546', null, null, 'E', '建筑业', 'E48', '建筑安装业', null, '2017-06-29 00:38:41.485502', '2017-06-29 00:38:41.485837'), ('547', null, null, 'E', '建筑业', 'E49', '建筑装饰业', null, '2017-06-29 00:38:41.487468', '2017-06-29 00:38:41.487811'), ('548', null, null, 'E', '建筑业', 'E50', '其他建筑业', null, '2017-06-29 00:38:41.489343', '2017-06-29 00:38:41.489721'), ('549', null, null, 'F', '交通运输、仓储和邮政业', 'F51', '铁路运输业', null, '2017-06-29 00:38:41.491380', '2017-06-29 00:38:41.491733'), ('550', null, null, 'F', '交通运输、仓储和邮政业', 'F52', '道路运输业', null, '2017-06-29 00:38:41.493338', '2017-06-29 00:38:41.493635'), ('551', null, null, 'F', '交通运输、仓储和邮政业', 'F53', '城市公共交通业', null, '2017-06-29 00:38:41.495171', '2017-06-29 00:38:41.495507'), ('552', null, null, 'F', '交通运输、仓储和邮政业', 'F54', '水上运输业', null, '2017-06-29 00:38:41.497140', '2017-06-29 00:38:41.497569'), ('553', null, null, 'F', '交通运输、仓储和邮政业', 'F55', '航空运输业', null, '2017-06-29 00:38:41.499398', '2017-06-29 00:38:41.499737'), ('554', null, null, 'F', '交通运输、仓储和邮政业', 'F56', '管道运输业', null, '2017-06-29 00:38:41.501239', '2017-06-29 00:38:41.501572'), ('555', null, null, 'F', '交通运输、仓储和邮政业', 'F57', '装卸搬运和其他运输服务业', null, '2017-06-29 00:38:41.503279', '2017-06-29 00:38:41.503635'), ('556', null, null, 'F', '交通运输、仓储和邮政业', 'F58', '仓储业', null, '2017-06-29 00:38:41.507396', '2017-06-29 00:38:41.507864'), ('557', null, null, 'F', '交通运输、仓储和邮政业', 'F59', '邮政业', null, '2017-06-29 00:38:41.511055', '2017-06-29 00:38:41.511461'), ('558', null, null, 'G', '信息传输、计算机服务和软件业', 'G60', '电信和其他信息传输服务业', null, '2017-06-29 00:38:41.513194', '2017-06-29 00:38:41.513534'), ('559', null, null, 'G', '信息传输、计算机服务和软件业', 'G61', '计算机服务业', null, '2017-06-29 00:38:41.515092', '2017-06-29 00:38:41.515427'), ('560', null, null, 'G', '信息传输、计算机服务和软件业', 'G62', '软件业', null, '2017-06-29 00:38:41.516953', '2017-06-29 00:38:41.517278'), ('561', null, null, 'H', '批发和零售业', 'H63', '批发业', null, '2017-06-29 00:38:41.518832', '2017-06-29 00:38:41.519165');
INSERT INTO `oneapp_d_industrial` VALUES ('562', null, null, 'H', '批发和零售业', 'H65', '零售业', null, '2017-06-29 00:38:41.520793', '2017-06-29 00:38:41.521302'), ('563', null, null, 'I', '住宿和餐饮业', 'I66', '住宿业', null, '2017-06-29 00:38:41.523755', '2017-06-29 00:38:41.524187'), ('564', null, null, 'I', '住宿和餐饮业', 'I67', '餐饮业', null, '2017-06-29 00:38:41.525927', '2017-06-29 00:38:41.526268'), ('565', null, null, 'J', '金融业', 'J68', '银行业', null, '2017-06-29 00:38:41.527925', '2017-06-29 00:38:41.528320'), ('566', null, null, 'J', '金融业', 'J69', '证券业', null, '2017-06-29 00:38:41.530025', '2017-06-29 00:38:41.530367'), ('567', null, null, 'J', '金融业', 'J70', '保险业', null, '2017-06-29 00:38:41.532106', '2017-06-29 00:38:41.532473'), ('568', null, null, 'J', '金融业', 'J71', '其他金融活动', null, '2017-06-29 00:38:41.534107', '2017-06-29 00:38:41.534446'), ('569', null, null, 'K', '房地产业', 'K72', '房地产业', null, '2017-06-29 00:38:41.536073', '2017-06-29 00:38:41.536446'), ('570', null, null, 'L', '租赁和商务服务业', 'L73', '租赁业', null, '2017-06-29 00:38:41.538144', '2017-06-29 00:38:41.538551'), ('571', null, null, 'L', '租赁和商务服务业', 'L74', '商务服务业', null, '2017-06-29 00:38:41.540251', '2017-06-29 00:38:41.540574'), ('572', null, null, 'M', '科学研究、技术服务和地质勘查业', 'M75', '研究与试验发展', null, '2017-06-29 00:38:41.542106', '2017-06-29 00:38:41.542546'), ('573', null, null, 'M', '科学研究、技术服务和地质勘查业', 'M76', '专业技术服务业', null, '2017-06-29 00:38:41.544313', '2017-06-29 00:38:41.544625'), ('574', null, null, 'M', '科学研究、技术服务和地质勘查业', 'M77', '科技交流和推广服务业', null, '2017-06-29 00:38:41.546247', '2017-06-29 00:38:41.546661'), ('575', null, null, 'M', '科学研究、技术服务和地质勘查业', 'M78', '地质勘查业', null, '2017-06-29 00:38:41.548676', '2017-06-29 00:38:41.549028'), ('576', null, null, 'N', '水利、环境和公共设施管理业', 'N79', '水利管理业', null, '2017-06-29 00:38:41.550749', '2017-06-29 00:38:41.551118'), ('577', null, null, 'N', '水利、环境和公共设施管理业', 'N80', '环境管理业', null, '2017-06-29 00:38:41.552794', '2017-06-29 00:38:41.553123'), ('578', null, null, 'N', '水利、环境和公共设施管理业', 'N81', '公共设施管理业', null, '2017-06-29 00:38:41.554727', '2017-06-29 00:38:41.555102'), ('579', null, null, 'O', '居民服务和其他服务业', 'O82', '居民服务业', null, '2017-06-29 00:38:41.556887', '2017-06-29 00:38:41.557245'), ('580', null, null, 'O', '居民服务和其他服务业', 'O83', '其他服务业', null, '2017-06-29 00:38:41.559103', '2017-06-29 00:38:41.559449'), ('581', null, null, 'P', '教育', 'P84', '教育', null, '2017-06-29 00:38:41.561216', '2017-06-29 00:38:41.561934'), ('582', null, null, 'Q', '卫生、社会保障和社会福利业', 'Q85', '卫生', null, '2017-06-29 00:38:41.564484', '2017-06-29 00:38:41.564919'), ('583', null, null, 'Q', '卫生、社会保障和社会福利业', 'Q86', '社会保障业', null, '2017-06-29 00:38:41.566685', '2017-06-29 00:38:41.567080'), ('584', null, null, 'Q', '卫生、社会保障和社会福利业', 'Q87', '社会福利业', null, '2017-06-29 00:38:41.568853', '2017-06-29 00:38:41.569192'), ('585', null, null, 'R', '文化、体育和娱乐业', 'R88', '新闻出版业', null, '2017-06-29 00:38:41.570765', '2017-06-29 00:38:41.571113'), ('586', null, null, 'R', '文化、体育和娱乐业', 'R89', '广播、电视、电影和音像业', null, '2017-06-29 00:38:41.572827', '2017-06-29 00:38:41.573170'), ('587', null, null, 'R', '文化、体育和娱乐业', 'R90', '文化艺术业', null, '2017-06-29 00:38:41.574805', '2017-06-29 00:38:41.575224'), ('588', null, null, 'R', '文化、体育和娱乐业', 'R91', '体育', null, '2017-06-29 00:38:41.576945', '2017-06-29 00:38:41.577293'), ('589', null, null, 'R', '文化、体育和娱乐业', 'R92', '娱乐业', null, '2017-06-29 00:38:41.579079', '2017-06-29 00:38:41.579430'), ('590', null, null, 'S', '公共管理和社会组织', 'S93', '中国共产党机关', null, '2017-06-29 00:38:41.581092', '2017-06-29 00:38:41.581422'), ('591', null, null, 'S', '公共管理和社会组织', 'S94', '国家机构', null, '2017-06-29 00:38:41.583168', '2017-06-29 00:38:41.583507'), ('592', null, null, 'S', '公共管理和社会组织', 'S95', '人民政协和民主党派', null, '2017-06-29 00:38:41.585260', '2017-06-29 00:38:41.585625'), ('593', null, null, 'S', '公共管理和社会组织', 'S96', '群众团体、社会团体和宗教组织', null, '2017-06-29 00:38:41.587580', '2017-06-29 00:38:41.587925'), ('594', null, null, 'S', '公共管理和社会组织', 'S97', '基层群众自治组织', null, '2017-06-29 00:38:41.591702', '2017-06-29 00:38:41.592217'), ('595', null, null, 'T', '国际组织', 'T98', '国际组织', null, '2017-06-29 00:38:41.594391', '2017-06-29 00:38:41.595059');
COMMIT;

-- ----------------------------
--  Table structure for `oneapp_d_province`
-- ----------------------------
DROP TABLE IF EXISTS `oneapp_d_province`;
CREATE TABLE `oneapp_d_province` (
  `province_id` int(11) DEFAULT NULL,
  `n_province_id` int(11) NOT NULL,
  `province_name` varchar(20) NOT NULL,
  PRIMARY KEY (`n_province_id`),
  UNIQUE KEY `province_name` (`province_name`)
) ENGINE=InnoDB DEFAULT CHARSET=utf8;

-- ----------------------------
--  Records of `oneapp_d_province`
-- ----------------------------
BEGIN;
INSERT INTO `oneapp_d_province` VALUES ('1', '110000', '北京市'), ('2', '120000', '天津市'), ('3', '130000', '河北省'), ('4', '140000', '山西省'), ('5', '150000', '内蒙古自治区'), ('6', '210000', '辽宁省'), ('7', '220000', '吉林省'), ('8', '230000', '黑龙江省'), ('9', '310000', '上海市'), ('10', '320000', '江苏省'), ('11', '330000', '浙江省'), ('12', '340000', '安徽省'), ('13', '350000', '福建省'), ('14', '360000', '江西省'), ('15', '370000', '山东省'), ('16', '410000', '河南省'), ('17', '420000', '湖北省'), ('18', '430000', '湖南省'), ('19', '440000', '广东省'), ('20', '450000', '广西壮族自治区'), ('21', '460000', '海南省'), ('22', '500000', '重庆市'), ('23', '510000', '四川省'), ('24', '520000', '贵州省'), ('25', '530000', '云南省'), ('26', '540000', '西藏自治区'), ('27', '610000', '陕西省'), ('28', '620000', '甘肃省'), ('29', '630000', '青海省'), ('30', '640000', '宁夏回族自治区'), ('31', '650000', '新疆维吾尔自治区'), ('32', '710000', '台湾省'), ('33', '810000', '香港特别行政区'), ('34', '820000', '澳门特别行政区');
COMMIT;

-- ----------------------------
--  Table structure for `oneapp_organization`
-- ----------------------------
DROP TABLE IF EXISTS `oneapp_organization`;
CREATE TABLE `oneapp_organization` (
  `org_id` int(11) NOT NULL AUTO_INCREMENT,
  `create_time` datetime(6) NOT NULL,
  `update_time` datetime(6) NOT NULL,
  `org_name` varchar(50) DEFAULT NULL,
  `org_found_time` date DEFAULT NULL,
  `org_province` varchar(20) DEFAULT NULL,
  `org_city` varchar(20) DEFAULT NULL,
  `user_admin_name` varchar(20) DEFAULT NULL,
  `org_contact_info` varchar(50) DEFAULT NULL,
  `org_member_num` int(11) NOT NULL,
  `city_id` int(11) DEFAULT NULL,
  `province_id` int(11) DEFAULT NULL,
  `user_admin_id` int(11) DEFAULT NULL,
  PRIMARY KEY (`org_id`),
  KEY `oneapp_organization_city_id_bae1fff4_fk_oneapp_d_city_city_id` (`city_id`),
  KEY `oneapp_organization_province_id_dbae5a47_fk_oneapp_d_` (`province_id`),
  KEY `oneapp_organization_user_admin_id_3da956dd_fk_oneapp_us` (`user_admin_id`),
  CONSTRAINT `oneapp_organization_city_id_bae1fff4_fk_oneapp_d_city_city_id` FOREIGN KEY (`city_id`) REFERENCES `oneapp_d_city` (`city_id`),
  CONSTRAINT `oneapp_organization_province_id_dbae5a47_fk_oneapp_d_` FOREIGN KEY (`province_id`) REFERENCES `oneapp_d_province` (`n_province_id`),
  CONSTRAINT `oneapp_organization_user_admin_id_3da956dd_fk_oneapp_us` FOREIGN KEY (`user_admin_id`) REFERENCES `oneapp_user` (`user_id`)
) ENGINE=InnoDB AUTO_INCREMENT=3 DEFAULT CHARSET=utf8;

-- ----------------------------
--  Records of `oneapp_organization`
-- ----------------------------
BEGIN;
INSERT INTO `oneapp_organization` VALUES ('1', '2017-06-30 13:14:44.085902', '2017-07-01 03:37:11.785287', '兰州理工大学兰州校友会', '2010-11-01', '甘肃省', '兰州市', '薛朱鹏', null, '0', '304', '620000', '730'), ('2', '2017-06-30 14:55:56.640708', '2017-07-01 01:37:50.366573', '兰州理工大学北京校友会', null, '北京市', null, '王志伟', null, '6', null, null, '736');
COMMIT;

-- ----------------------------
--  Table structure for `oneapp_specialty`
-- ----------------------------
DROP TABLE IF EXISTS `oneapp_specialty`;
CREATE TABLE `oneapp_specialty` (
  `specialty_id` int(11) NOT NULL AUTO_INCREMENT,
  `create_time` datetime(6) NOT NULL,
  `update_time` datetime(6) NOT NULL,
  `specialty_name_cn` varchar(50) DEFAULT NULL,
  `specialty_name_es` varchar(100) DEFAULT NULL,
  `specialty_desc` varchar(100) DEFAULT NULL,
  `is_old` tinyint(1) NOT NULL,
  `specialty_level` varchar(20) DEFAULT NULL,
  `specialty_name_history` varchar(100) DEFAULT NULL,
  PRIMARY KEY (`specialty_id`)
) ENGINE=InnoDB AUTO_INCREMENT=71 DEFAULT CHARSET=utf8;

-- ----------------------------
--  Records of `oneapp_specialty`
-- ----------------------------
BEGIN;
INSERT INTO `oneapp_specialty` VALUES ('1', '2017-06-27 13:59:55.062039', '2017-06-27 13:59:55.063042', '焊接技术与工程系', 'major department of welding technology and engineering', null, '0', null, null), ('2', '2017-06-27 14:11:12.141841', '2017-06-27 14:11:12.149830', '材料成型及控制工程系', 'major department of material forming and control engineering', null, '0', null, null), ('3', '2017-06-27 14:11:12.163972', '2017-06-27 14:11:12.164760', '金属材料工程系', 'majordepartment_of metal materials engineering', null, '0', null, null), ('4', '2017-06-27 14:11:12.166334', '2017-06-27 14:11:12.166793', '无机非金属材料工程系', 'major department of inorganic nonmetallic materials engineering', null, '0', null, null), ('5', '2017-06-27 14:11:12.168317', '2017-06-27 14:11:12.168983', '高分子材料与工程系', 'major department of polymer materials and engineering', null, '0', null, null), ('6', '2017-06-27 14:11:12.170934', '2017-06-27 14:11:12.171461', '功能材料系冶金工程系 ', 'major department of metallurgical engineering', null, '0', null, null), ('7', '2017-06-27 14:15:11.590045', '2017-06-27 14:15:11.598381', '自动化系', 'major department of automation', null, '0', null, null), ('8', '2017-06-27 14:15:11.603709', '2017-06-27 14:15:11.604179', '电气工程系', 'major  department of electrical engineering', null, '0', null, null), ('9', '2017-06-27 14:15:11.606545', '2017-06-27 14:15:11.607266', '电子信息工程系', 'major  department of electronic information engineering', null, '0', null, null), ('10', '2017-06-27 14:20:03.034716', '2017-06-27 14:20:03.041295', '机械设计系', 'major department of mechanical design', null, '0', null, null), ('11', '2017-06-27 14:20:03.054124', '2017-06-27 14:20:03.054621', '机械制造及自动化系', 'major department of mechanical manufacturing and automation', null, '0', null, null), ('12', '2017-06-27 14:20:03.056480', '2017-06-27 14:20:03.057232', '机电控制及自动化系', 'major department of electromechanical control and automation', null, '0', null, null), ('13', '2017-06-27 14:20:03.059089', '2017-06-27 14:20:03.059659', '工业工程系', 'major department of industrial engineering', null, '0', null, null), ('14', '2017-06-27 14:20:03.060998', '2017-06-27 14:20:03.061471', '纺织工程系', 'major department of textile engineering', null, '0', null, null), ('15', '2017-06-27 14:22:12.729764', '2017-06-27 14:22:12.730683', '工程力学系', 'major department of engineering mechanics', null, '0', null, null), ('16', '2017-06-27 14:22:12.740510', '2017-06-27 14:22:12.741212', '应用物理系', 'major department of applied physics', null, '0', null, null), ('17', '2017-06-27 14:22:12.743043', '2017-06-27 14:22:12.743598', '应用数学系', 'major department of applied mathematics', null, '0', null, null), ('18', '2017-06-28 00:54:49.253103', '2017-06-28 00:54:49.258362', '食品科学工程系', 'major department of food science and engineering', null, '0', null, null), ('19', '2017-06-28 00:54:49.312824', '2017-06-28 00:54:49.313742', '生物工程系', 'major department of bioengineering', null, '0', null, null), ('20', '2017-06-28 00:54:49.315595', '2017-06-28 00:54:49.316242', '制药工程系', 'major department of pharmaceutical engineering', null, '0', null, null), ('21', '2017-06-28 00:54:49.320155', '2017-06-28 00:54:49.320767', '建筑学系', 'major department of architecture', null, '0', null, null), ('22', '2017-06-28 00:54:49.324589', '2017-06-28 00:54:49.325390', '工业设计系', 'major department of industrial design', null, '0', null, null), ('23', '2017-06-28 00:54:49.328578', '2017-06-28 00:54:49.329335', '城乡规划系', 'major department of urban and rural planning', null, '0', null, null), ('24', '2017-06-28 00:54:49.365889', '2017-06-28 00:54:49.366616', '产品设计系', 'major product design department', null, '0', null, null), ('25', '2017-06-28 00:54:49.368510', '2017-06-28 00:54:49.369121', '视觉传达系', 'major visual communication system', null, '0', null, null), ('26', '2017-06-28 00:54:49.370728', '2017-06-28 00:54:49.371359', '环境设计系', 'major department of environmental design', null, '0', null, null), ('27', '2017-06-28 01:22:45.568393', '2017-06-28 01:22:45.578635', '中国语言文学系', 'major department of chinese language and literature', null, '0', null, null), ('28', '2017-06-28 01:22:45.590542', '2017-06-28 01:22:45.591410', '国际汉语教育', 'major international chinese language education', null, '0', null, null), ('29', '2017-06-28 01:22:45.593335', '2017-06-28 01:22:45.593975', '网络与新媒体', 'major network and new media', null, '0', null, null), ('30', '2017-06-28 01:22:45.595920', '2017-06-28 01:22:45.596525', '法学系', 'major department of law', null, '0', null, null), ('31', '2017-06-28 01:22:45.598849', '2017-06-28 01:22:45.599451', '知识产权系', 'major intellectual property department', null, '0', null, null), ('32', '2017-06-28 01:22:45.601415', '2017-06-28 01:22:45.604115', '马克思主义基本原理', 'major the basic principles of marxism', null, '0', null, null), ('33', '2017-06-28 01:22:45.608977', '2017-06-28 01:22:45.609603', '马克思主义发展史', 'major history of marxism', null, '0', null, null), ('34', '2017-06-28 01:22:45.614214', '2017-06-28 01:22:45.614861', '马克思主义中国化研究', 'major a study of marxism in china', null, '0', null, null), ('35', '2017-06-28 01:22:45.618078', '2017-06-28 01:22:45.618840', '思想政治教育', 'major ideological and political education', null, '0', null, null), ('36', '2017-06-28 01:22:45.620832', '2017-06-28 01:22:45.621449', '中国近现代史基本问题研究', 'major a study on the basic problems of modern chinese history', null, '0', null, null), ('37', '2017-06-28 01:22:45.622959', '2017-06-28 01:22:45.623591', '成人高等教育', 'major adult higher education', null, '0', null, null), ('38', '2017-06-28 01:22:45.630022', '2017-06-28 01:22:45.631494', '高等教育自学考试', 'major self study examination for higher education', null, '0', null, null), ('39', '2017-06-28 01:22:45.636487', '2017-06-28 01:22:45.637253', '新能源科学与工程系', 'major department of new energy science and engineering', null, '0', null, null), ('40', '2017-06-28 01:22:45.639068', '2017-06-28 01:22:45.639776', '测控技术与仪器系', 'major measurement and control technology and instrument', null, '0', null, null), ('41', '2017-06-28 01:22:45.643735', '2017-06-28 01:22:45.644520', '水利水电工程系', 'major department of water resources and hydropower engineering', null, '0', null, null), ('42', '2017-06-28 01:22:45.647748', '2017-06-28 01:22:45.648461', '流体传动与控制系', 'major fluid transmission and control', null, '0', null, null), ('43', '2017-06-28 01:22:45.650131', '2017-06-28 01:22:45.650767', '流体机械及工程系', 'major department of fluid mechanics and engineering', null, '0', null, null), ('44', '2017-06-28 01:22:45.652405', '2017-06-28 01:22:45.653069', '计算机科学与技术系', 'major department of computer science and technology', null, '0', null, null), ('45', '2017-06-28 01:22:45.654814', '2017-06-28 01:22:45.655474', '通信工程系', 'major department of communication engineering', null, '0', null, null), ('46', '2017-06-28 01:22:45.657567', '2017-06-28 01:22:45.658393', '软件工程系', 'major department of software engineering', null, '0', null, null), ('47', '2017-06-28 01:22:45.660396', '2017-06-28 01:22:45.661253', '物联网工程系', 'major department of internet of things', null, '0', null, null), ('48', '2017-06-28 01:22:45.663444', '2017-06-28 01:22:45.664358', '过程装备与控制工程系', 'major department of process equipment and control engineering', null, '0', null, null), ('49', '2017-06-28 01:22:45.666130', '2017-06-28 01:22:45.666727', '化学工程与工艺系', 'major department of chemical engineering and technology', null, '0', null, null), ('50', '2017-06-28 01:22:45.668231', '2017-06-28 01:22:45.668903', '应用化学系', 'major department of applied chemistry', null, '0', null, null), ('51', '2017-06-28 01:22:45.670553', '2017-06-28 01:22:45.671240', '环境工程系', 'major department of environmental engineering', null, '0', null, null), ('52', '2017-06-28 01:22:45.672762', '2017-06-28 01:22:45.673408', '安全工程系', 'major department of safety engineering', null, '0', null, null), ('53', '2017-06-28 01:22:45.674989', '2017-06-28 01:22:45.675643', '建筑工程系', 'major department of building engineering', null, '0', null, null), ('54', '2017-06-28 01:22:45.678774', '2017-06-28 01:22:45.679394', '道路工程系', 'major department of road engineering', null, '0', null, null), ('55', '2017-06-28 01:22:45.680909', '2017-06-28 01:22:45.681552', '桥梁工程系', 'major bridge engineering department', null, '0', null, null), ('56', '2017-06-28 01:22:45.683165', '2017-06-28 01:22:45.683706', '岩土与地下工程系', 'major department of geotechnical engineering and geotechnical engineering', null, '0', null, null), ('57', '2017-06-28 01:22:45.685197', '2017-06-28 01:22:45.685793', '工程管理系', 'major department of engineering management', null, '0', null, null), ('58', '2017-06-28 01:22:45.687326', '2017-06-28 01:22:45.687938', '测绘工程系', 'major department of surveying and mapping engineering', null, '0', null, null), ('59', '2017-06-28 01:22:45.689535', '2017-06-28 01:22:45.690242', '给水排水系工程系', 'major department of water supply and drainage engineering', null, '0', null, null), ('60', '2017-06-28 01:22:45.692149', '2017-06-28 01:22:45.692779', '建筑环境与能源应用工程系', 'major department of building environment and energy application engineering', null, '0', null, null), ('61', '2017-06-28 01:22:45.694521', '2017-06-28 01:22:45.695140', '市场营销系', 'major department of marketing', null, '0', null, null), ('62', '2017-06-28 01:22:45.696781', '2017-06-28 01:22:45.697458', '财务管理系', 'major department of financial management', null, '0', null, null), ('63', '2017-06-28 01:22:45.699209', '2017-06-28 01:22:45.699805', '金融系', 'major department of finance', null, '0', null, null), ('64', '2017-06-28 01:22:45.701310', '2017-06-28 01:22:45.701888', '管理科学与工程系', 'major department of management science and engineering', null, '0', null, null), ('65', '2017-06-28 01:22:45.703369', '2017-06-28 01:22:45.703938', '会计系', 'major accountancy', null, '0', null, null), ('66', '2017-06-28 01:22:45.705922', '2017-06-28 01:22:45.706517', '工商管理系', 'major department of business administration', null, '0', null, null), ('67', '2017-06-28 01:22:45.708545', '2017-06-28 01:22:45.709226', '国际经济与贸易系', 'major department of international economics and trade', null, '0', null, null), ('68', '2017-06-28 01:22:45.711306', '2017-06-28 01:22:45.712206', '英语系', 'major english major', null, '0', null, null), ('69', '2017-06-28 01:22:45.714156', '2017-06-28 01:22:45.714759', '日语系', 'major japanese department', null, '0', null, null), ('70', '2017-06-28 01:22:45.716623', '2017-06-28 01:22:45.717325', '俄语系', 'major russian language', null, '0', null, null);
COMMIT;

-- ----------------------------
--  Table structure for `oneapp_user`
-- ----------------------------
DROP TABLE IF EXISTS `oneapp_user`;
CREATE TABLE `oneapp_user` (
  `password` varchar(128) NOT NULL,
  `last_login` datetime(6) DEFAULT NULL,
  `user_id` int(11) NOT NULL AUTO_INCREMENT,
  `user_account` varchar(100) NOT NULL,
  `is_del` tinyint(1) NOT NULL,
  `create_time` datetime(6) NOT NULL,
  `update_time` datetime(6) NOT NULL,
  `user_name` varchar(20) DEFAULT NULL,
  `user_gender` varchar(5) DEFAULT NULL,
  `user_birthday` date DEFAULT NULL,
  `user_nation` varchar(30) DEFAULT NULL,
  `user_post` varchar(30) DEFAULT NULL,
  `user_workunit` varchar(100) DEFAULT NULL,
  `industrial_name` varchar(50) DEFAULT NULL,
  `user_workplace` varchar(100) DEFAULT NULL,
  `user_province` varchar(50) DEFAULT NULL,
  `user_city` varchar(20) DEFAULT NULL,
  `user_officephone` varchar(50) DEFAULT NULL,
  `user_wechat` varchar(50) DEFAULT NULL,
  `user_qq` varchar(50) DEFAULT NULL,
  `user_email` varchar(32) DEFAULT NULL,
  `user_cellphone` varchar(50) DEFAULT NULL,
  `author_id` int(11) DEFAULT NULL,
  `city_id` int(11) DEFAULT NULL,
  `industrial_id` int(11) DEFAULT NULL,
  `province_id` int(11) DEFAULT NULL,
  `is_active` tinyint(1) DEFAULT '1',
  `country_id` int(11) DEFAULT NULL,
  `country_name_cn` varchar(100) DEFAULT NULL,
  PRIMARY KEY (`user_id`),
  UNIQUE KEY `user_account` (`user_account`),
  KEY `oneapp_user_country_id_338df368_fk_oneapp_d_country_country_id` (`country_id`),
  KEY `oneapp_user_author_id_a325a041_fk_oneapp_user_author_author_id` (`author_id`),
  KEY `oneapp_user_city_id_97bce27a_fk_oneapp_d_city_city_id` (`city_id`),
  KEY `oneapp_user_industrial_id_42ccdbf6_fk_oneapp_d_` (`industrial_id`),
  KEY `oneapp_user_province_id_f0faa8c3_fk_oneapp_d_` (`province_id`),
  CONSTRAINT `oneapp_user_author_id_a325a041_fk_oneapp_user_author_author_id` FOREIGN KEY (`author_id`) REFERENCES `oneapp_user_author` (`author_id`),
  CONSTRAINT `oneapp_user_city_id_97bce27a_fk_oneapp_d_city_city_id` FOREIGN KEY (`city_id`) REFERENCES `oneapp_d_city` (`city_id`),
  CONSTRAINT `oneapp_user_country_id_338df368_fk_oneapp_d_country_country_id` FOREIGN KEY (`country_id`) REFERENCES `oneapp_d_country` (`country_id`),
  CONSTRAINT `oneapp_user_industrial_id_42ccdbf6_fk_oneapp_d_` FOREIGN KEY (`industrial_id`) REFERENCES `oneapp_d_industrial` (`industrial_id`),
  CONSTRAINT `oneapp_user_province_id_f0faa8c3_fk_oneapp_d_` FOREIGN KEY (`province_id`) REFERENCES `oneapp_d_province` (`n_province_id`)
) ENGINE=InnoDB AUTO_INCREMENT=883 DEFAULT CHARSET=utf8;

-- ----------------------------
--  Records of `oneapp_user`
-- ----------------------------
BEGIN;
INSERT INTO `oneapp_user` VALUES ('pbkdf2_sha256$36000$BqzdYhMsoG0H$NvmUUE9hxJ0HmG+KsdoJ9YyVA9PRQW5GmMUXSbCC9wM=', null, '720', 'zhangbo.jiayou@163.com', '1', '2017-06-28 10:44:41.696818', '2017-06-28 10:44:41.772352', '张乐', '男', null, null, '', '', null, '', '', '', null, null, null, 'zhangbo.jiayou@163.com', '13993425666', null, null, null, null, '1', null, null), ('pbkdf2_sha256$36000$pZ0qpxkH1YR6$3gySNORqex4ZTSdmXy7L4ue6FSDbliLtWotxVqYJVEU=', null, '722', 'zdd_dd0527@163.com', '1', '2017-06-28 10:44:41.843050', '2017-06-28 10:44:41.915851', '张冬冬', '女', null, null, '', '北京爱训特通信工程系有限公司', null, '', '北京', '', null, null, null, 'zdd_dd0527@163.com', '13810828090', null, null, null, '110000', '1', null, null), ('pbkdf2_sha256$36000$5fT04pFMCFc7$kZ1BCqQGhccl5zX8mx4Tnf4cMS2i+nI9lBsJHiU0wNQ=', null, '723', '34247908@qq.com', '1', '2017-06-28 10:44:41.918813', '2017-06-28 10:44:41.979546', '余政', '男', null, null, '营销总监', '上海华讯网络系统有限公司', null, '', '', '', null, null, '34247908', '34247908@qq.com', '18616389768', null, null, null, null, '1', null, null), ('pbkdf2_sha256$36000$DKk3BWFX1j4L$k8UkMS/W/IC94kmg0EbFcwYefZVFiH4BhHxfJ7/a3Ws=', null, '724', '378423874@qq.com', '1', '2017-06-28 10:44:41.982092', '2017-06-28 10:44:42.037366', '余养炎', '男', null, null, '金融服务事业部 \n副总经理学院', '中科软科技股份有限公司', null, '', '', '', null, null, '378423874', '378423874@qq.com', '18610359393', null, null, null, null, '1', null, null), ('pbkdf2_sha256$36000$E3Ow5On904FW$PPLMSSeNyf+XX5BGBaFz1EkULIg0le9M+sfRC9SkWOg=', null, '725', 'yongmengzhe@163.com', '1', '2017-06-28 10:44:42.039453', '2017-08-23 10:11:06.577209', '测试2', '', '1998-01-09', '回族', '主任', '兰州理工大学', null, '甘肃省兰州市七里河兰工坪', '', '', '09319999999', 'nnmm55ll', '6666666666', 'test2@cc.com', '11111111111', null, '304', '405', '620000', '1', null, null), ('pbkdf2_sha256$36000$j0vRJ0j3zunf$n0/mj1oKSa8vwoh6eccMq0S6KdwAZ8r+cSLfE92zOHs=', null, '726', 'yangyun105@163.com', '1', '2017-06-28 10:44:42.104965', '2017-08-04 01:15:46.006531', null, '男', null, null, '', '', null, '', '', '', null, null, '66842648', 'yangyun105@163.com', '13723737515', null, null, null, null, '1', null, null), ('pbkdf2_sha256$36000$7B1EMGsmeRL8$0BBX8VGxqjRrWev15RX0+hCfer6lwkWhVy4MGJiB+Gg=', null, '727', 'phoebus.y@163.com', '1', '2017-06-28 10:44:42.164381', '2017-06-28 10:44:42.220077', '测试2', '', '1997-08-12', '回族', '主任', '兰州理工大学', null, '甘肃省兰州市七里河兰工坪', '', '', '09319999999', 'nnmm55ll', '6666666666', 'test2@cc.com', '11111111111', null, '304', '405', '620000', '1', null, null), ('pbkdf2_sha256$36000$4GhpDqIasUO5$SLagtYL8erJkOjVfi/n9S7kaxuFdzebPubGo+3jF7fo=', null, '728', '53539627@qq.com', '1', '2017-06-28 10:44:42.222564', '2017-06-28 10:44:42.279442', '杨宏梅', '女', null, null, '销售部', '上海银环国际贸易有限公司', null, '', '', '', null, null, '53539627', '53539627@qq.com', '15821245428', null, null, null, null, '1', null, null), ('pbkdf2_sha256$36000$S2URZTEo02vu$x5qEGTLJM9twJsqhmKgDjSxXrpBjSRJBnOLn4zpyJqU=', null, '729', 'rudyjut@qq.com', '1', '2017-06-28 10:44:42.281681', '2017-06-28 10:44:42.342271', '杨云', '', null, null, '', '', null, '', '', '', null, null, null, 'rudyjut@qq.com', '13723737515', null, null, null, null, '1', null, null), ('pbkdf2_sha256$36000$hwi7tWil6GDi$Ur+2oo59hLpY4Z+BXSAtoHUJ9h466WUeZAW/tn8b7WI=', null, '730', 'birdie0331@sina.com', '1', '2017-06-28 10:44:42.345033', '2017-06-30 14:46:13.761474', '薛朱鹏', '男', null, null, '', '兰州理学院工大学', null, '', '甘肃省', '兰州市', null, null, null, 'birdie0331@sina.com', '13811790629', null, '304', null, '620000', '1', null, null), ('pbkdf2_sha256$36000$4A5t2RKKsbFF$JJlnAENny0LX6/LFxn1kFuyw338WF6+jJvMKNWMKuxo=', null, '731', 'xuhanbo@cctv.com', '1', '2017-01-01 00:00:00.000000', '2017-06-28 13:13:18.903908', '徐汉族铂', '男', null, null, '', '', null, 'CCTV-Communication', '', '', null, null, null, 'xuhanbo@cctv.com', null, null, null, null, null, '1', null, null), ('pbkdf2_sha256$36000$dLe0H5iwcsvQ$H2/W+ixOId1XMuPLhwv1wyZskSFIrLwiNqiaq7g0WDE=', null, '732', 'onnes@126.com', '1', '2017-06-28 10:44:42.466345', '2017-06-28 10:44:42.535381', '谢小军', '男', null, null, '', '北京盛峰', null, '', '北京', '', null, null, null, 'onnes@126.com', '13466661370', null, null, null, '110000', '1', null, null), ('pbkdf2_sha256$36000$NqOEAbOiTfvk$Yoqt1nGeW+mNRZosncFtAHTfAcAFi4t/lLZYvQlCpdI=', null, '733', 'xieli@fzgz.edu.cn', '1', '2017-06-28 10:44:42.538306', '2017-06-28 10:44:42.602247', '谢力', '男', null, null, '教师', '防灾技术高等专科学校', null, '', '北京', '', null, null, null, 'xieli@fzgz.edu.cn', '13483601204', null, null, null, '110000', '1', null, null), ('pbkdf2_sha256$36000$Mr8lJOqUnPL0$VZN9Us+gs6WVTB6iaULh649vyIUPo7ufpY6sB3eU0Po=', null, '734', '63129577@qq.com', '1', '2017-06-28 10:44:42.604451', '2017-06-28 10:44:42.666587', '伍建军', '男', null, null, '', '松江区税务局', null, '', '', '', null, null, '63129577', '63129577@qq.com', '13585604510', null, null, null, null, '1', null, null), ('pbkdf2_sha256$36000$S93liqabE0ZM$jrVyk3DprX+wxJkySdB/bAQ59edr17tOHZb8wyryoLM=', null, '735', 'wzxzzm@yahoo.cn', '1', '2017-06-28 10:44:42.668748', '2017-06-28 10:44:42.725841', '邬建军', '男', null, null, '', '达内', null, '', '北京', '', null, null, null, 'wzxzzm@yahoo.cn', '13141263981', null, null, null, '110000', '1', null, null), ('pbkdf2_sha256$36000$uAonpGFDaDU6$MGqILvYWF9rmh4k/AGW9MG/FkHlo0T+HkcPe7vRDX+A=', null, '736', 'wangzw@china.com.cn', '1', '2017-06-28 10:44:42.729474', '2017-06-28 10:44:42.796265', '王志伟', '男', null, null, '工程师', '瑞斯康达科技发展股份有限公司', null, '', '北京', '', null, null, null, 'wangzw@china.com.cn', '13911862976', null, null, null, '110000', '1', null, null), ('pbkdf2_sha256$36000$vAGWFYMNckw7$ZsmvFI/amoXiyXsL/cC8buksYpgZ7j9Lo17k20RkN8g=', null, '737', 'mopbt@tom.com', '1', '2017-06-28 10:44:42.799745', '2017-06-28 10:44:42.863564', '王艺', '男', null, null, '', '五矿', null, '', '甘肃省', '兰州市', null, null, null, 'mopbt@tom.com', '15901559277', null, '304', null, '620000', '1', null, null), ('pbkdf2_sha256$36000$VPCeU7DdAXWK$8xqbbn4+N37dm+EoFoM+pdsVk9DR9aHpIb8zekGG6Ls=', null, '738', 'wcnmbd@163.com', '1', '2017-06-28 10:44:42.865752', '2017-06-28 10:44:42.926443', '王娜', '女', null, null, '', '', null, '5班', '', '', null, null, null, 'wcnmbd@163.com', '1088884121', null, null, null, null, '1', null, null), ('pbkdf2_sha256$36000$ACfOzO3WsdP9$kbdxpl7wrC+w0sAdCtfj4SjjyA9DKYJavv4d5vF4AGw=', null, '739', 'wwwaaa6604@263.net', '1', '2017-06-28 10:44:42.929522', '2017-06-28 10:44:42.995288', '王立斌', '男', null, null, '', '中石油化工学院工程建设公司', null, '', '甘肃省', '兰州市', null, null, null, 'wwwaaa6604@263.net', '13146656481', null, '304', null, '620000', '1', null, null), ('pbkdf2_sha256$36000$PpDUewRKZWbT$y22T1BxGrzsrPpttLpYtIpJcPf9/hnTJvqPZcisq7aI=', null, '740', 'wangjing20081996@sina.com', '1', '2017-06-28 10:44:42.998505', '2017-06-28 10:44:43.053700', '王静', '', null, null, '', '硕士毕业', null, '', '', '', null, null, null, 'wangjing20081996@sina.com', '13581539031', null, null, null, null, '1', null, null), ('pbkdf2_sha256$36000$unLJrZKHpDlQ$/70Daoib4C+L1HxyUxWzCdAol7GhPgHc3xa1cSYlOvM=', null, '741', 'fanghappyfang@yahoo.com.cn', '1', '2017-06-28 10:44:43.055983', '2017-06-28 10:44:43.116342', '王芳', '', null, null, '', '', null, '深圳地王大厦', '', '', null, null, '4530995', 'fanghappyfang@yahoo.com.cn', '13510281802', null, null, null, null, '1', null, null), ('pbkdf2_sha256$36000$xxTK1zOXd3ua$mzGYkTBnejfGji2Sfcj/HsdoBfuOFHQzoqCjL7/Ebmg=', null, '742', 'superdreamer2008@hotmail.com', '1', '2017-06-28 10:44:43.118510', '2017-06-28 10:44:43.179197', '王定祥', '男', null, null, '总经理学院', '', null, '中国人寿北京研发中心', '', '', '9305912263', null, null, 'superdreamer2008@hotmail.com', '13911212863', null, null, null, null, '1', null, null), ('pbkdf2_sha256$36000$bJeJHSIhc0FW$agHhTl8j3sSFMufPrGQb5mWHcOMpTuvHQtO0B4r30y4=', null, '743', 'tong2333@163.com', '1', '2017-06-28 10:44:43.181352', '2017-06-28 10:44:43.240645', '仝力敏', '男', null, null, '', '北京邮电大学', null, '', '北京', '', null, null, null, 'tong2333@163.com', '13141236592', null, null, null, '110000', '1', null, null), ('pbkdf2_sha256$36000$j0myWBWxONhk$rFZrby9NP/mtdMugoE+txNS6m09hor/oC2dkoZA1oZo=', null, '744', 'young04240208@163.com', '1', '2017-06-28 10:44:43.243210', '2017-06-28 10:44:43.308553', '唐勇', '男', null, null, 'PG', '北京利达智通', null, '', '北京', '', null, null, null, 'young04240208@163.com', '13401005767', null, null, null, '110000', '1', null, null), ('pbkdf2_sha256$36000$M8R9DehBBRxo$Ijd++ZwvsDaSI113yIzRwvNL8FOO7AXA/WPqi9Qhk+0=', null, '745', 'vilqd@163.com', '1', '2017-06-28 10:44:43.311916', '2017-06-28 10:44:43.383135', '覃迪', '', null, null, '', '北京海威新诺动漫科技有限公司', null, '', '北京', '', null, null, null, 'vilqd@163.com', '13911721563', null, null, null, '110000', '1', null, null), ('pbkdf2_sha256$36000$eTQO1UcEar1o$l20kPT7FNj3dsqWj+MA222sx127U8OW9UN1sm0mEc9Y=', null, '746', 'songyl525@sina163.com', '1', '2017-06-28 10:44:43.385335', '2017-06-28 10:44:43.444384', '宋永利', '男', null, null, '', '京天威', null, '', '北京', '', null, null, null, 'songyl525@sina163.com', '13401133386', null, null, null, '110000', '1', null, null), ('pbkdf2_sha256$36000$39ILnDYnHiU3$hgNE8dXW/wD2xJhVwcKaYaaZJC3XkNfQ9iKx0LxWNT0=', null, '747', 'shangxiaoying317@163.com', '1', '2017-06-28 10:44:43.447980', '2017-06-28 10:44:43.510268', '尚晓英', '女', null, null, '', '中交桥梁技术有限公司试验检测中心', null, '', '北京', '', null, null, null, 'shangxiaoying317@163.com', '13807869568', null, null, null, '110000', '1', null, null), ('pbkdf2_sha256$36000$UQr5cAtyDsoH$tInrNWvAuYVlMD/6v4d83ANbx8Tt6jiZIDNPE2rYHIo=', null, '748', 'lanyun0208@hotmail.com', '1', '2017-06-28 10:44:43.513262', '2017-06-28 10:44:43.572870', '任雯婧', '女', null, null, '', '国家通信工程系计量中心', null, '', '北京', '', null, null, null, 'lanyun0208@hotmail.com', '15210343018', null, null, null, '110000', '1', null, null), ('pbkdf2_sha256$36000$KO1bwWQxs7l2$3qlbxQw5euRyxcfwWUzZRuZtbAVF25fpZNUOMHN6lyY=', null, '749', 'wunaisheng@foxmail.com', '1', '2017-06-28 10:44:43.575670', '2017-06-28 10:44:43.643899', '祁建军', '男', null, null, '', '威发系统中国有限公司', null, '', '北京', '', null, null, null, 'wunaisheng@foxmail.com', '13501255520', null, null, null, '110000', '1', null, null), ('pbkdf2_sha256$36000$mQRKh0jcaWFJ$1tDP+R/nb+mfjnaI53MFo+XvO+SX5Oxa/IJffbBfb5E=', null, '750', 'yngz@163.com', '1', '2017-06-28 10:44:43.647288', '2017-06-28 10:44:43.716180', '庞旭辉', '男', null, null, '', '广东边防东莞边检站', null, '', '', '', null, null, null, 'yngz@163.com', '13537152488', null, null, null, null, '1', null, null), ('pbkdf2_sha256$36000$pnms73sf9gKI$1MMve4Z9irb56Lsil2rLlYJaI8Xy+Pq4bJcKiO/StDQ=', null, '751', 'Lzzhikui@163.com', '1', '2017-06-28 10:44:43.718353', '2017-06-28 10:44:43.783903', '马智魁', '男', null, null, '', '航信', null, '', '北京', '', null, null, null, 'Lzzhikui@163.com', null, null, null, null, '110000', '1', null, null), ('pbkdf2_sha256$36000$WUJQnVWqSnTg$QuCj8pYHhxm1LOmxReD/nnLz4F7X5/Onek/cCNdIUAE=', null, '752', 'lv_dong_liang@163.com', '1', '2017-06-28 10:44:43.786768', '2017-06-28 10:44:43.849136', '吕东亮', '男', null, null, '', '北京基线天成科技有限公司', null, '', '北京', '', null, null, null, 'lv_dong_liang@163.com', '13401101757', null, null, null, '110000', '1', null, null), ('pbkdf2_sha256$36000$TqUuSZlgAiQG$b9jED1HBjZehofoQIwc1x9jr5elld/96vtcmSgPlSYg=', null, '753', 'lh04240109@163.com', '1', '2017-06-28 10:44:43.852509', '2017-06-28 10:44:43.920870', '罗卉', '女', null, null, '开发员', '北京超鸿电脑软件学院开发中心', null, '', '北京', '', null, null, null, 'lh04240109@163.com', '15901528774', null, null, null, '110000', '1', null, null), ('pbkdf2_sha256$36000$QuURO3ubdUt9$NTs6ClB5kY6f8fqcKsdxdM7GnF4KPGrIwB1B2bN13YI=', null, '754', 'luxm913@163.com', '1', '2017-06-28 10:44:43.922901', '2017-06-28 10:44:43.985718', '录显明', '男', null, null, '', '北京邮电大学硕士', null, '', '北京', '', null, null, null, 'luxm913@163.com', '13488793895', null, null, null, '110000', '1', null, null), ('pbkdf2_sha256$36000$sjLjoR0u4P7Q$AE5r+knScMOjKw9JcGqALmOiXKn9XGoZNzQciR9X1go=', null, '755', 'lusson4@163.com', '1', '2017-06-28 10:44:43.987906', '2017-06-28 10:44:44.053184', '卢剑云', '', null, null, '', '', null, '', '', '', null, null, null, 'lusson4@163.com', '13428983734', null, null, null, null, '1', null, null), ('pbkdf2_sha256$36000$8g2fmx53jUyq$TTkAjebRB9rC/rJbUsyklD9MZwK3fHBX2Wfo2ojPjOE=', null, '756', 'longgangyuwei@163.com', '1', '2017-06-28 10:44:44.055768', '2017-06-28 10:44:44.120178', '龙刚', '男', null, null, '副总工程师', '民航局数据通信工程系有限公司', null, '', '北京', '', null, null, null, 'longgangyuwei@163.com', '15902886385', null, null, null, '110000', '1', null, null), ('pbkdf2_sha256$36000$c2FLaF6BFF0e$TvFYiOLxOmlHCvSU4eypH5XpOGcwUv07hTltUYYdx7w=', null, '757', 'caiwuxinxi@hotmail.com', '1', '2017-06-28 10:44:44.122540', '2017-06-28 10:44:44.183977', '刘铎', '男', null, null, '', '北京工业设计系研究院', null, '', '北京', '', null, null, null, 'caiwuxinxi@hotmail.com', '13488652415', null, null, null, '110000', '1', null, null), ('pbkdf2_sha256$36000$eqwZ2hfU9CEx$PA/F45EEpMjsGpdxHp7M9SZVeYaGnVPNOGhK4wgrFbA=', null, '758', 'xxc694@sohu.com', '1', '2017-06-28 10:44:44.186518', '2017-06-28 10:44:44.267445', '廉冰', '女', null, null, '教师', '中国人民解放军后勤指挥学院', null, '', '北京', '', null, null, null, 'xxc694@sohu.com', '13426266485', null, null, null, '110000', '1', null, null), ('pbkdf2_sha256$36000$amP5BBvP8HLJ$dxItR4DNwJ/y2DwMxKCMJpuueuWbSBVaEDqOMpgTj7w=', null, '759', 'zeer527@163.com', '1', '2017-06-28 10:44:44.269991', '2017-06-28 10:44:44.338400', '李永泽', '男', null, null, '', '北京龙图软件学院科技有限公司', null, '', '北京', '', null, null, null, 'zeer527@163.com', '15010373710', null, null, null, '110000', '1', null, null), ('pbkdf2_sha256$36000$eAjjONMHJHpq$t3DBEF/QFE4d95OE+Uy6IObQOQpziWf4QpFYfMheWZE=', null, '760', 'popeyelee@163.com', '1', '2017-06-28 10:44:44.340703', '2017-06-28 10:44:44.404601', '李盛', '男', null, null, '', '兰州理学院工大学', null, '', '甘肃省', '兰州市', null, null, null, 'popeyelee@163.com', '13811378860', null, '304', null, '620000', '1', null, null), ('pbkdf2_sha256$36000$RTCDFOG3qhbf$QFeGE9em3a9UBBECrUHudVkPVGB55EXXoObmmd/3gPk=', null, '761', 'lipeng730@163.com', '1', '2017-06-28 10:44:44.407001', '2017-06-28 10:44:44.473945', '李鹏', '', null, null, '', '中铁二十二局集团电气工程系化公司', null, '', '北京', '', null, null, null, 'lipeng730@163.com', '13699216866', null, null, null, '110000', '1', null, null), ('pbkdf2_sha256$36000$ytmUkjMzCyxZ$XFs0zgYHfsAs2eqMbNlRQ3C/I3/04MhEsFEPEVFydCM=', null, '762', 'ljj21@sina.com', '1', '2017-06-28 10:44:44.478371', '2017-06-28 10:44:44.544345', '李建建', '', null, null, '', '', null, '', '', '', null, null, null, 'ljj21@sina.com', '15810336225', null, null, null, null, '1', null, null), ('pbkdf2_sha256$36000$bWuSIukZPYq8$/0rq7Ia2xTSocK57NoObwiRBmdAoE8h18sf7MDoO1OM=', null, '763', 'easternsun@163.com', '1', '2017-06-28 10:44:44.546696', '2017-06-28 10:44:44.609386', '李东阳', '男', null, null, '', '中国普天', null, '', '北京', '', null, null, null, 'easternsun@163.com', '13911712608', null, null, null, '110000', '1', null, null), ('pbkdf2_sha256$36000$LTJV8KAll7nS$8L8TSyp8jnQeD/xU42aA1QLuDtzgAI8oc5siu1Pjl48=', null, '764', '377322225@qq.com', '1', '2017-06-28 10:44:44.612542', '2017-06-28 10:44:44.682037', '孔煦翔', '', null, null, '总经理学院', '甘肃立翔商贸有限公司', null, '兰州市安宁区和平路50', '甘肃', '兰州', null, null, null, '377322225@qq.com', '18693123335', null, '304', null, '620000', '1', null, null), ('pbkdf2_sha256$36000$4dcfrMyG2QLD$E2cHP2WDoBme/WFMEZJwqipeca+30Tyy8Jj4gv7ftRQ=', null, '765', 'jiazhifeng258@sohu.com', '1', '2017-06-28 10:44:44.685028', '2017-06-28 10:44:44.746113', '贾志峰', '男', null, null, '', '北京华信东方科技有限公司', null, '', '北京', '', null, null, null, 'jiazhifeng258@sohu.com', '13488663476', null, null, null, '110000', '1', null, null), ('pbkdf2_sha256$36000$gkM6Rsuk08Eq$aOjsXlbxGK4AcdZxQTdwY70ytcIbzB5/i5++zE0XWZY=', null, '766', 'lincy0124@sina.com', '1', '2017-06-28 10:44:44.748799', '2017-06-28 10:44:44.821213', '贾秀华', '女', null, null, '编辑', 'IBR china', null, '', '北京', '', null, null, null, 'lincy0124@sina.com', '13581516643', null, null, null, '110000', '1', null, null), ('pbkdf2_sha256$36000$c4qsiVmtW3vN$bqMw+HqHYXOpRUijoC0dU6CCV4m2d5Z536bMiJ9mync=', null, '767', 'jp804@eyou.com', '1', '2017-06-28 10:44:44.823468', '2017-06-28 10:44:44.886194', '贾群', '男', null, null, '', '北京电子科技学院', null, '', '北京', '', null, null, null, 'jp804@eyou.com', '1358154276', null, null, null, '110000', '1', null, null), ('pbkdf2_sha256$36000$b2H8NRya7U5i$QfsN99mKeSHirJBsyAjXnrng7gqM8t3EK51KknMNOOI=', null, '768', 'hkz1011@163.com', '1', '2017-06-28 10:44:44.888374', '2017-06-28 10:44:44.951527', '胡奎志', '男', null, null, '工程师', '北京艾凯科技', null, '', '北京', '', null, null, null, 'hkz1011@163.com', '13988888888', null, null, null, '110000', '1', null, null), ('pbkdf2_sha256$36000$X4GQGRsUSsVa$Wz33dOY6pGkXGRZ74+BJ3jTWDEdYlbMZ0GGYi0UBA7A=', null, '769', 'htlm_2008@yahoo.com.cn', '1', '2017-06-28 10:44:44.953629', '2017-06-28 10:44:45.020247', '郝涛', '男', null, null, '', '', null, '', '', '', null, null, null, 'htlm_2008@yahoo.com.cn', '13929426476', null, null, null, null, '1', null, null), ('pbkdf2_sha256$36000$XVWcM2kxoTWQ$XtMhYXUAnxCQq4QeOFtLXo98xsghCvGkS6D/07UTC7Y=', null, '770', 'lakeguo@sohu.com', '1', '2017-06-28 10:44:45.022737', '2017-06-28 10:44:45.096778', '韩昌魁', '男', null, null, '软件学院开发', '北京南天', null, '', '北京', '', null, null, null, 'lakeguo@sohu.com', '13552360913', null, null, null, '110000', '1', null, null), ('pbkdf2_sha256$36000$tFgJwzjMqsSn$HzhoWmc4VnOe37LUZDTwIppEf7DlVdWQBxo+E//ijDs=', null, '771', 'guoyongxian999@163.com', '1', '2017-06-28 10:44:45.099492', '2017-06-28 10:44:45.165333', '郭永成', '男', null, null, '总经理学院', '', null, '北京永成嘉和商贸有限公司', '', '', '62607098', null, null, 'guoyongxian999@163.com', '18610560566', null, null, null, null, '1', null, null), ('pbkdf2_sha256$36000$v6dvWuevcscU$aO0JgYUkjallJ4h/Y6XEk5+f8TkK50/d9g+7ami7Ajw=', null, '773', 'gexinenya2005@sina.com', '1', '2017-06-28 10:44:45.243080', '2017-06-28 10:44:45.315258', '葛欣', '女', null, null, '培训助理学院', '财商人生理学院财顾问公司', null, '', '北京', '', null, null, null, 'gexinenya2005@sina.com', '13240498472', null, null, null, '110000', '1', null, null), ('pbkdf2_sha256$36000$GGm8hYPbeURp$L7DFv3KddMmDOaAvktebX1WkEj9HSUmPmxVicGC3/IQ=', null, '774', 'gaoguijun00@163.com', '1', '2017-06-28 10:44:45.318456', '2017-06-28 10:44:45.391538', '高贵君', '男', null, null, '', 'IBM CSC', null, '', '北京', '', null, null, null, 'gaoguijun00@163.com', '13900000000', null, null, null, '110000', '1', null, null), ('pbkdf2_sha256$36000$3nR4UZc8jetz$AAvVqshD/otxWPF0+NN++pty79lzxjYTWRxBlC+CeDc=', null, '775', 'gaofanxing_lacom@hotmail.com', '1', '2017-06-28 10:44:45.397803', '2017-06-28 10:44:45.461991', '高凡星', '男', null, null, '', '北京朗康科技', null, '', '北京', '', null, null, null, 'gaofanxing_lacom@hotmail.com', '13269268856', null, null, null, '110000', '1', null, null), ('pbkdf2_sha256$36000$B4B4o4tAWrJK$L05Q+TIKY5yBd1mJvFtNwq3ZkR4OjAB9Ut/775LnAVU=', null, '776', 'hardbone_wh@hotmail.com', '1', '2017-06-28 10:44:45.465089', '2017-06-28 10:44:45.530066', '飞渡', '男', null, null, '', '', null, 'sinopec', '', '', null, null, null, 'hardbone_wh@hotmail.com', '13581585026', null, null, null, null, '1', null, null), ('pbkdf2_sha256$36000$oDA6EUPcwJ9S$0TGie7uiQGIoCECflgIO6YnXRan4dBoCprzomB/A5VQ=', null, '777', 'Jwestcn@gmail.com', '1', '2017-06-28 10:44:45.533117', '2017-06-28 10:44:45.598347', '樊建科', '', null, null, '', 'sunplus', null, '', '', '', null, null, '93645089', 'Jwestcn@gmail.com', '13510626029', null, null, null, null, '1', null, null), ('pbkdf2_sha256$36000$fDrUBE6LQBjS$R2PlGTr9qfoiYeTTKlT0vJGLZ17DYcevJN1f58hVdPY=', null, '778', 'peiyuan.du@dudu-inc.com', '1', '2017-06-28 10:44:45.600649', '2017-06-28 10:44:45.662285', '杜培源', '男', null, null, '', '千橡互动集团（猫扑）', null, '', '北京', '', null, null, null, 'peiyuan.du@dudu-inc.com', '13811256363', null, null, null, '110000', '1', null, null), ('pbkdf2_sha256$36000$0fhzhrhetNNH$LU9AUZxEuLcnZ2xq6FTnuSsxjw4SyGwrMJOVhmEEqf8=', null, '779', 'beyondfir@gmail.com', '1', '2017-06-28 10:44:45.666004', '2017-06-28 10:44:45.731777', '董思彤', '男', null, null, '', '民生银行零售', null, '', '', '', null, null, null, 'beyondfir@gmail.com', '1581014395', null, null, null, null, '1', null, null), ('pbkdf2_sha256$36000$jyHfOBA6dRoX$GPECvhBUnTAW7soNwP1yYFsEWcOh/5RM6jipAOn3Yc0=', null, '780', 'wudykai@163.com', '1', '2017-06-28 10:44:45.733882', '2017-06-28 10:44:45.795974', '初正凯', '男', null, null, '教师', '国家软件学院外包人才培训基地', null, '', '北京', '', null, null, null, 'wudykai@163.com', '13366378556', null, null, null, '110000', '1', null, null), ('pbkdf2_sha256$36000$Qp4wvJWJM9wK$wQN5h7HKXinjocHONnwAA75dOp8pLEZfaDlqFiNXrUo=', null, '781', 'chenyuan0210@hotmail.com', '1', '2017-06-28 10:44:45.798136', '2017-06-28 10:44:45.858614', '陈媛媛', '女', null, null, '', '北京瑞斯康达科技发展有限公司', null, '', '北京', '', null, null, null, 'chenyuan0210@hotmail.com', '13001022588', null, null, null, '110000', '1', null, null), ('pbkdf2_sha256$36000$R9FbJWop9EKq$cJTSZEuf4TKI8p3yjkumzCKRPurfA+040y7Ll8SRoMg=', null, '782', '15776702@qq.com', '1', '2017-06-28 10:44:45.862053', '2017-06-28 10:44:45.924385', '陈春建', '男', null, null, '', '', null, '', '', '', null, null, '15776702', '15776702@qq.com', '13482304032', null, null, null, null, '1', null, null), ('pbkdf2_sha256$36000$Qc2HCi5wFoTW$1zM1KNCrakSqPT8SKsQLGgyVPVYJj9PPr44hmnwzkzQ=', null, '783', 'censhen@gmail.com', '1', '2017-06-28 10:44:45.927273', '2017-06-28 10:44:45.990533', '岑参', '', null, null, '', '北京信念科技股份有限公司', null, '', '北京', '', null, null, null, 'censhen@gmail.com', '13910671652', null, null, null, '110000', '1', null, null), ('pbkdf2_sha256$36000$goTmlYujaGOG$RupZ+0EYdwK/aEqAuGphnVLfZVJ3pDOH11tFT2yzX80=', null, '784', 'caoliang1982@126.com', '1', '2017-06-28 10:44:45.993186', '2017-06-28 10:44:46.067357', '曹佩武', '男', null, null, '嵌入式软件学院工程师', 'IVT', null, '', '', '', null, null, null, 'caoliang1982@126.com', '13811945408', null, null, null, null, '1', null, null), ('pbkdf2_sha256$36000$NXfCFLaHcyWN$+hXlAuZK9/bwqJKJg8RGGnKtKT6jalcFrYJ2C9p3zBw=', null, '797', 'zhang@163.com', '1', '2017-07-12 09:57:26.296202', '2017-07-12 09:57:26.407374', '张三', '男', '1978-09-03', '汉族', '办公室主任', '兰州市七里河区人民政府', '公共管理和社会组织', '兰州市西津东路498号', '甘肃省', '兰州市', '09318799045', 'dvivi2549', '45763390', 'zhang@163.com', '13309318907', null, '304', '419', '620000', '1', null, null), ('pbkdf2_sha256$36000$ZoHMhG5D9f5f$hRSr8kTGlqd8qdPMN51FPc6YFDFaOsRlrc8dSiyPfqk=', null, '880', 'wangmazi@163.com', '1', '2017-08-31 02:39:40.824296', '2017-08-31 02:39:40.921907', '王麻子', '男', '1978-09-03', '汉族', '办公室主任', '兰州市七里河区人民政府', '公共管理和社会组织', '兰州市西津东路498号', '甘肃省', '兰州市', '09318799045', 'dvivi2549', '45763390', null, '13309318907', null, '304', '419', '620000', '1', null, null), ('pbkdf2_sha256$36000$2FqykekaFxmT$CTrW0bxcYRdKNKc5ynubahH2rHEdwYFuoOKMgulOl0o=', null, '881', 'lisi@163.com', '1', '2017-08-31 02:39:40.969002', '2017-08-31 02:39:41.047830', '李四', '男', '1988-09-03', '回族', '办公室主任', '兰州市七里河区人民政府', '公共管理和社会组织', '兰州市西津东路498号', '甘肃省', '兰州市', '09318799045', 'dvivi2549', '45763390', null, '13309318907', null, '304', '419', '620000', '1', null, null), ('pbkdf2_sha256$36000$7YkSyC61s3gj$brNZYsuqkx6PxKsg1c6ZQtemyrf87kp9VoQ6iY6blkc=', null, '882', 'wanger@163.com', '1', '2017-08-31 02:39:41.083747', '2017-08-31 02:39:41.170717', '王二', '男', '1978-09-03', '汉族', '办公室主任', '兰州市七里河区人民政府', '公共管理和社会组织', '兰州市西津东路498号', '甘肃省', '兰州市', '09318799045', 'dvivi2549', '45763390', null, '13309318907', null, '304', '419', '620000', '1', null, null);
COMMIT;

-- ----------------------------
--  Table structure for `oneapp_user_author`
-- ----------------------------
DROP TABLE IF EXISTS `oneapp_user_author`;
CREATE TABLE `oneapp_user_author` (
  `author_id` int(11) NOT NULL AUTO_INCREMENT,
  `create_time` datetime(6) NOT NULL,
  `update_time` datetime(6) NOT NULL,
  `author_group` varchar(50) DEFAULT NULL,
  `is_enable` tinyint(1) NOT NULL,
  `is_edit` tinyint(1) NOT NULL,
  `is_del` tinyint(1) NOT NULL,
  `is_export_excel` tinyint(1) NOT NULL,
  `is_import_excel` tinyint(1) NOT NULL,
  `history_num` int(11) NOT NULL,
  `um_author` varchar(50) NOT NULL,
  `um_search_space` varchar(50) NOT NULL,
  `um_search_time` varchar(30) NOT NULL,
  `as_author` varchar(30) NOT NULL,
  `uim_author` varchar(50) NOT NULL,
  `om_author` varchar(50) NOT NULL,
  `om_search` varchar(50) NOT NULL,
  `am_author` varchar(50) NOT NULL,
  PRIMARY KEY (`author_id`)
) ENGINE=InnoDB AUTO_INCREMENT=4 DEFAULT CHARSET=utf8;

-- ----------------------------
--  Records of `oneapp_user_author`
-- ----------------------------
BEGIN;
INSERT INTO `oneapp_user_author` VALUES ('2', '2017-07-01 09:58:43.008000', '2017-07-01 09:58:45.411000', '测试最低权限', '1', '0', '0', '0', '0', '5', '只允许查询', '专业', '本年级', '0', '只允许查询', '只允许查询', '只显示自己加入的组织', '禁止使用'), ('3', '2017-07-01 10:09:43.882000', '2017-07-01 10:09:46.143000', '测试管理员权限', '1', '1', '1', '1', '1', '15', '允许查询和增删改全部用户', '全校', '全部时间范围', '1', '允许增删查改', '允许增删查改全部校友组织', '显示全部组织', '允许增删查改');
COMMIT;

-- ----------------------------
--  Table structure for `oneapp_user_edu`
-- ----------------------------
DROP TABLE IF EXISTS `oneapp_user_edu`;
CREATE TABLE `oneapp_user_edu` (
  `edu_id` int(11) NOT NULL AUTO_INCREMENT,
  `create_time` datetime(6) NOT NULL,
  `update_time` datetime(6) NOT NULL,
  `user_edu` varchar(10) DEFAULT NULL,
  `collage_admin_name` varchar(40) DEFAULT NULL,
  `collage_edu_name` varchar(40) DEFAULT NULL,
  `entrance_year` int(11) DEFAULT NULL,
  `grade_year` int(11) DEFAULT NULL,
  `classes` varchar(15) DEFAULT NULL,
  `collage_admin_id` int(11) DEFAULT NULL,
  `collage_edu_id` int(11) DEFAULT NULL,
  `specialty_id` int(11) DEFAULT NULL,
  `user_id` int(11) DEFAULT NULL,
  PRIMARY KEY (`edu_id`),
  KEY `oneapp_user_edu_collage_admin_id_b800bd14` (`collage_admin_id`),
  KEY `oneapp_user_edu_collage_edu_id_ef87576a` (`collage_edu_id`),
  KEY `oneapp_user_edu_specialty_id_2fe4199a` (`specialty_id`),
  KEY `oneapp_user_edu_user_id_95acf3b4_fk_oneapp_user_user_id` (`user_id`),
  CONSTRAINT `oneapp_user_edu_collage_admin_id_b800bd14_fk_oneapp_co` FOREIGN KEY (`collage_admin_id`) REFERENCES `oneapp_collage` (`collage_id`),
  CONSTRAINT `oneapp_user_edu_collage_edu_id_ef87576a_fk_oneapp_co` FOREIGN KEY (`collage_edu_id`) REFERENCES `oneapp_collage` (`collage_id`),
  CONSTRAINT `oneapp_user_edu_specialty_id_2fe4199a_fk_oneapp_sp` FOREIGN KEY (`specialty_id`) REFERENCES `oneapp_specialty` (`specialty_id`),
  CONSTRAINT `oneapp_user_edu_user_id_95acf3b4_fk_oneapp_user_user_id` FOREIGN KEY (`user_id`) REFERENCES `oneapp_user` (`user_id`)
) ENGINE=InnoDB AUTO_INCREMENT=207 DEFAULT CHARSET=utf8;

-- ----------------------------
--  Records of `oneapp_user_edu`
-- ----------------------------
BEGIN;
INSERT INTO `oneapp_user_edu` VALUES ('86', '2017-06-28 14:44:39.108447', '2017-06-28 14:44:39.117197', null, '计算机与通信学院', '计算机与通信学院', '2008', '2012', null, '13', '13', '44', '720'), ('88', '2017-06-28 14:44:39.130429', '2017-06-28 14:44:39.138398', null, '计算机与通信学院', '计算机与通信学院', '2001', '2005', null, '13', '13', '45', '722'), ('89', '2017-06-28 14:44:39.140841', '2017-06-28 14:44:39.149884', null, '计算机与通信学院', '计算机与通信学院', '1999', '2003', null, '13', '13', '45', '723'), ('90', '2017-06-28 14:44:39.151822', '2017-06-28 14:44:39.160792', null, '计算机与通信学院', '计算机与通信学院', '1999', '2003', null, '13', '13', '44', '724'), ('91', '2017-06-28 14:44:39.163381', '2017-06-28 14:44:39.170670', '硕士研究生', '计算机与通信学院', '计算机与通信学院', '2008', null, '1班', '13', '13', '45', '725'), ('92', '2017-06-28 14:44:39.172916', '2017-08-04 01:37:13.018496', null, '计算机与通信学院', '计算机与通信学院', '2001', '2004', null, '13', '13', '44', '726'), ('93', '2017-06-28 14:44:39.184508', '2017-06-28 14:44:39.192273', null, '计算机与通信学院', '计算机与通信学院', '2000', '2004', null, '13', '13', '45', '727'), ('94', '2017-06-28 14:44:39.195192', '2017-06-28 14:44:39.206203', null, '计算机与通信学院', '计算机与通信学院', '2006', '2010', null, '13', '13', '44', '728'), ('95', '2017-06-28 14:44:39.208223', '2017-06-28 14:44:39.221656', null, '计算机与通信学院', '计算机与通信学院', '2000', '2004', null, '13', '13', '44', '729'), ('96', '2017-06-28 14:44:39.224575', '2017-08-03 02:57:24.742179', null, '计算机与通信学院', '计算机与通信学院', '2006', '2010', null, '13', '13', '1', '730'), ('97', '2017-06-28 14:44:39.239821', '2017-06-28 14:44:39.250546', null, '计算机与通信学院', '计算机与通信学院', '2001', '2005', null, '13', '13', '45', '731'), ('98', '2017-06-28 14:44:39.252545', '2017-06-28 14:44:39.260843', null, '计算机与通信学院', '计算机与通信学院', '2000', '2004', null, '13', '13', '44', '732'), ('99', '2017-06-28 14:44:39.263290', '2017-06-28 14:44:39.276821', null, '计算机与通信学院', '计算机与通信学院', '2000', '2004', null, '13', '13', '44', '733'), ('100', '2017-06-28 14:44:39.279735', '2017-06-28 14:44:39.288757', null, '计算机与通信学院', '计算机与通信学院', '1998', '2002', null, '13', '13', '45', '734'), ('101', '2017-06-28 14:44:39.292441', '2017-06-28 14:44:39.302427', null, '计算机与通信学院', '计算机与通信学院', '2006', '2010', null, '13', '13', '44', '735'), ('102', '2017-06-28 14:44:39.304132', '2017-06-28 14:44:39.312796', null, '计算机与通信学院', '计算机与通信学院', '2003', '2007', null, '13', '13', '45', '736'), ('103', '2017-06-28 14:44:39.318202', '2017-06-28 14:44:39.326178', '硕士研究生', '计算机与通信学院', '计算机与通信学院', '2007', '2011', null, '13', '13', '45', '737'), ('104', '2017-06-28 14:44:39.328126', '2017-06-28 14:44:39.337099', null, '计算机与通信学院', '计算机与通信学院', '2000', '2004', null, '13', '13', '44', '738'), ('105', '2017-06-28 14:44:39.339313', '2017-06-28 14:44:39.347326', null, '计算机与通信学院', '计算机与通信学院', '2000', '2004', null, '13', '13', '45', '739'), ('106', '2017-06-28 14:44:39.352246', '2017-06-28 14:44:39.360196', null, '计算机与通信学院', '计算机与通信学院', '2001', '2005', null, '13', '13', '44', '740'), ('107', '2017-06-28 14:44:39.362062', '2017-06-28 14:44:39.370630', null, '计算机与通信学院', '计算机与通信学院', '1999', '2003', null, '13', '13', '44', '741'), ('108', '2017-06-28 14:44:39.372872', '2017-06-28 14:44:39.381476', null, '计算机与通信学院', '计算机与通信学院', '1997', '2001', null, '13', '13', '44', '742'), ('109', '2017-06-28 14:44:39.386071', '2017-06-28 14:44:39.393747', null, '计算机与通信学院', '计算机与通信学院', '2001', '2005', null, '13', '13', '44', '743'), ('110', '2017-06-28 14:44:39.395625', '2017-06-28 14:44:39.403210', null, '计算机与通信学院', '计算机与通信学院', '2004', '2008', null, '13', '13', '44', '744'), ('111', '2017-06-28 14:44:39.405259', '2017-06-28 14:44:39.412506', null, '计算机与通信学院', '计算机与通信学院', '2000', '2004', null, '13', '13', '44', '745'), ('112', '2017-06-28 14:44:39.416360', '2017-06-28 14:44:39.424252', null, '计算机与通信学院', '计算机与通信学院', '2003', '2007', null, '13', '13', '44', '746'), ('113', '2017-06-28 14:44:39.425957', '2017-06-28 14:44:39.433786', null, '计算机与通信学院', '计算机与通信学院', '2002', '2006', null, '13', '13', '44', '747'), ('114', '2017-06-28 14:44:39.436329', '2017-06-28 14:44:39.443873', null, '计算机与通信学院', '计算机与通信学院', '2002', '2006', null, '13', '13', '45', '748'), ('115', '2017-06-28 14:44:39.445671', '2017-06-28 14:44:39.454752', null, '计算机与通信学院', '计算机与通信学院', '1988', '1992', null, '13', '13', '45', '749'), ('116', '2017-06-28 14:44:39.456647', '2017-06-28 14:44:39.463909', null, '计算机与通信学院', '计算机与通信学院', '1997', '2001', null, '13', '13', '44', '750'), ('117', '2017-06-28 14:44:39.465954', '2017-06-28 14:44:39.474386', null, '计算机与通信学院', '计算机与通信学院', '2004', '2008', null, '13', '13', '44', '751'), ('118', '2017-06-28 14:44:39.476352', '2017-06-28 14:44:39.483850', null, '计算机与通信学院', '计算机与通信学院', '2001', '2005', null, '13', '13', '44', '752'), ('119', '2017-06-28 14:44:39.485774', '2017-06-28 14:44:39.493479', null, '计算机与通信学院', '计算机与通信学院', '2004', '2008', null, '13', '13', '44', '753'), ('120', '2017-06-28 14:44:39.495331', '2017-06-28 14:44:39.502259', null, '计算机与通信学院', '计算机与通信学院', '1999', '2003', null, '13', '13', '45', '754'), ('121', '2017-06-28 14:44:39.504002', '2017-06-28 14:44:39.511807', null, '计算机与通信学院', '计算机与通信学院', '1999', '2003', null, '13', '13', '44', '755'), ('122', '2017-06-28 14:44:39.513798', '2017-06-28 14:44:39.521767', null, '计算机与通信学院', '计算机与通信学院', '2000', '2004', null, '13', '13', '44', '756'), ('123', '2017-06-28 14:44:39.523799', '2017-06-28 14:44:39.532580', null, '计算机与通信学院', '计算机与通信学院', '2001', '2005', null, '13', '13', '45', '757'), ('124', '2017-06-28 14:44:39.535311', '2017-06-28 14:44:39.543354', null, '计算机与通信学院', '计算机与通信学院', '2001', '2005', null, '13', '13', '44', '758'), ('125', '2017-06-28 14:44:39.545718', '2017-06-28 14:44:39.556822', null, '计算机与通信学院', '计算机与通信学院', '2004', '2008', null, '13', '13', '44', '759'), ('126', '2017-06-28 14:44:39.558671', '2017-06-28 14:44:39.568696', '博士研究生', '计算机与通信学院', '计算机与通信学院', '2000', '2004', null, '13', '13', '44', '760'), ('127', '2017-06-28 14:44:39.570686', '2017-06-28 14:44:39.578111', null, '计算机与通信学院', '计算机与通信学院', '2002', '2006', null, '13', '13', '45', '761'), ('128', '2017-06-28 14:44:39.581397', '2017-06-28 14:44:39.594459', null, '计算机与通信学院', '计算机与通信学院', '1999', '2003', null, '13', '13', '44', '762'), ('129', '2017-06-28 14:44:39.596434', '2017-06-28 14:44:39.607492', null, '计算机与通信学院', '计算机与通信学院', '1994', '1998', null, '13', '13', '44', '763'), ('130', '2017-06-28 14:44:39.609290', '2017-06-28 14:44:39.620466', null, '计算机与通信学院', '计算机与通信学院', '2001', '2005', null, '13', '13', '45', '764'), ('131', '2017-06-28 14:44:39.622599', '2017-06-28 14:44:39.631493', null, '计算机与通信学院', '计算机与通信学院', '2001', '2005', null, '13', '13', '44', '765'), ('132', '2017-06-28 14:44:39.634779', '2017-06-28 14:44:39.643301', null, '计算机与通信学院', '计算机与通信学院', '2000', '2004', null, '13', '13', '44', '766'), ('133', '2017-06-28 14:44:39.645715', '2017-06-28 14:44:39.653856', null, '计算机与通信学院', '计算机与通信学院', '2000', '2004', null, '13', '13', '45', '767'), ('134', '2017-06-28 14:44:39.655846', '2017-06-28 14:44:39.668348', null, '计算机与通信学院', '计算机与通信学院', '2002', '2006', null, '13', '13', '44', '768'), ('135', '2017-06-28 14:44:39.671740', '2017-06-28 14:44:39.680787', null, '计算机与通信学院', '计算机与通信学院', '2002', '2006', null, '13', '13', '44', '769'), ('136', '2017-06-28 14:44:39.683334', '2017-06-28 14:44:39.693093', null, '计算机与通信学院', '计算机与通信学院', '2004', '2008', null, '13', '13', '44', '770'), ('137', '2017-06-28 14:44:39.695027', '2017-06-28 14:44:39.704981', null, '计算机与通信学院', '计算机与通信学院', '2000', '2004', null, '13', '13', '44', '771'), ('139', '2017-06-28 14:44:39.717142', '2017-06-28 14:44:39.724797', null, '计算机与通信学院', '计算机与通信学院', '2001', '2005', null, '13', '13', '45', '773'), ('140', '2017-06-28 14:44:39.726711', '2017-06-28 14:44:39.735209', null, '计算机与通信学院', '计算机与通信学院', '2000', '2004', null, '13', '13', '44', '774'), ('141', '2017-06-28 14:44:39.737359', '2017-06-28 14:44:39.744663', null, '计算机与通信学院', '计算机与通信学院', '2002', '2006', null, '13', '13', '44', '775'), ('142', '2017-06-28 14:44:39.747276', '2017-06-28 14:44:39.755065', null, '计算机与通信学院', '计算机与通信学院', '2000', '2004', null, '13', '13', '45', '776'), ('143', '2017-06-28 14:44:39.756959', '2017-06-28 14:44:39.763835', null, '计算机与通信学院', '计算机与通信学院', '2001', '2005', null, '13', '13', '44', '777'), ('144', '2017-06-28 14:44:39.765921', '2017-06-28 14:44:39.773074', null, '计算机与通信学院', '计算机与通信学院', '2000', '2004', null, '13', '13', '44', '778'), ('145', '2017-06-28 14:44:39.774771', '2017-06-28 14:44:39.782420', null, '计算机与通信学院', '计算机与通信学院', '2001', '2005', null, '13', '13', '44', '779'), ('146', '2017-06-28 14:44:39.784258', '2017-06-28 14:44:39.791145', null, '计算机与通信学院', '计算机与通信学院', '2000', '2004', null, '13', '13', '44', '780'), ('147', '2017-06-28 14:44:39.792838', '2017-06-28 14:44:39.799761', null, '计算机与通信学院', '计算机与通信学院', '2001', '2005', null, '13', '13', '45', '781'), ('148', '2017-06-28 14:44:39.801594', '2017-06-28 14:44:39.808210', null, '计算机与通信学院', '计算机与通信学院', '2000', '2004', null, '13', '13', '45', '782'), ('149', '2017-06-28 14:44:39.810032', '2017-06-28 14:44:39.817331', null, '计算机与通信学院', '计算机与通信学院', '1997', '2001', null, '13', '13', '45', '783'), ('150', '2017-06-28 14:44:39.819182', '2017-06-28 14:44:39.827411', null, '计算机与通信学院', '计算机与通信学院', '2000', '2004', null, '13', '13', '45', '784'), ('155', '2017-08-23 03:06:54.911907', '2017-08-23 03:06:54.912879', '博士研究生', '材料科学与工程学院', '材料科学与工程学院', '1988', '1992', '12班', '1', '1', '1', '725'), ('204', '2017-08-31 02:39:40.926570', '2017-08-31 02:39:40.948266', '本科学历', '计算机与通信学院', '计算机与通信学院', '1996', '2000', '1.0', '13', '13', '44', '880'), ('205', '2017-08-31 02:39:41.050871', '2017-08-31 02:39:41.059722', '本科学历', '', '计算机与通信学院', '1996', '2000', '1.0', null, '13', '44', '881'), ('206', '2017-08-31 02:39:41.173554', '2017-08-31 02:39:41.181202', '本科学历', '计算机与通信学院', '计算机与通信学院', '1996', '2000', '1.0', '13', '13', '44', '882');
COMMIT;

-- ----------------------------
--  Table structure for `oneapp_user_history`
-- ----------------------------
DROP TABLE IF EXISTS `oneapp_user_history`;
CREATE TABLE `oneapp_user_history` (
  `history_id` int(11) NOT NULL AUTO_INCREMENT,
  `create_time` datetime(6) NOT NULL,
  `user_name` varchar(20) NOT NULL,
  `user_gender` varchar(2) DEFAULT NULL,
  `user_birthday` datetime(6) DEFAULT NULL,
  `user_nation` varchar(10) DEFAULT NULL,
  `user_post` varchar(20) DEFAULT NULL,
  `user_workunit` varchar(40) DEFAULT NULL,
  `user_workplace` varchar(60) DEFAULT NULL,
  `user_province` varchar(20) DEFAULT NULL,
  `user_city` varchar(20) DEFAULT NULL,
  `user_officephone` bigint(20) DEFAULT NULL,
  `user_wechat` bigint(20) DEFAULT NULL,
  `user_qq` bigint(20) DEFAULT NULL,
  `user_email` varchar(32) DEFAULT NULL,
  `user_cellphone` bigint(20) DEFAULT NULL,
  `city_id` int(11) DEFAULT NULL,
  `industrial_id` int(11) DEFAULT NULL,
  `province_id` int(11) DEFAULT NULL,
  `user_id` int(11) NOT NULL,
  PRIMARY KEY (`history_id`),
  UNIQUE KEY `user_id` (`user_id`),
  UNIQUE KEY `city_id` (`city_id`),
  UNIQUE KEY `industrial_id` (`industrial_id`),
  UNIQUE KEY `province_id` (`province_id`),
  CONSTRAINT `oneapp_user_history_city_id_d442bf17_fk_oneapp_d_city_city_id` FOREIGN KEY (`city_id`) REFERENCES `oneapp_d_city` (`city_id`),
  CONSTRAINT `oneapp_user_history_industrial_id_6abf465f_fk_oneapp_d_` FOREIGN KEY (`industrial_id`) REFERENCES `oneapp_d_industrial` (`industrial_id`),
  CONSTRAINT `oneapp_user_history_province_id_50d36169_fk_oneapp_d_` FOREIGN KEY (`province_id`) REFERENCES `oneapp_d_province` (`n_province_id`),
  CONSTRAINT `oneapp_user_history_user_id_54ba51a8_fk_oneapp_user_user_id` FOREIGN KEY (`user_id`) REFERENCES `oneapp_user` (`user_id`)
) ENGINE=InnoDB DEFAULT CHARSET=utf8;

-- ----------------------------
--  Table structure for `oneapp_user_organization`
-- ----------------------------
DROP TABLE IF EXISTS `oneapp_user_organization`;
CREATE TABLE `oneapp_user_organization` (
  `id` int(11) NOT NULL AUTO_INCREMENT,
  `user_id` int(11) NOT NULL,
  `organization_id` int(11) NOT NULL,
  PRIMARY KEY (`id`),
  UNIQUE KEY `oneapp_user_organization_user_id_organization_id_ec4a13ca_uniq` (`user_id`,`organization_id`),
  KEY `oneapp_user_organiza_organization_id_ef223c90_fk_oneapp_or` (`organization_id`),
  CONSTRAINT `oneapp_user_organiza_organization_id_ef223c90_fk_oneapp_or` FOREIGN KEY (`organization_id`) REFERENCES `oneapp_organization` (`org_id`),
  CONSTRAINT `oneapp_user_organization_user_id_d9d42e1e_fk_oneapp_user_user_id` FOREIGN KEY (`user_id`) REFERENCES `oneapp_user` (`user_id`)
) ENGINE=InnoDB AUTO_INCREMENT=11 DEFAULT CHARSET=utf8;

-- ----------------------------
--  Records of `oneapp_user_organization`
-- ----------------------------
BEGIN;
INSERT INTO `oneapp_user_organization` VALUES ('2', '730', '1'), ('3', '736', '2'), ('4', '737', '1'), ('5', '739', '1'), ('6', '745', '2'), ('7', '746', '2'), ('8', '747', '2'), ('9', '748', '2'), ('10', '749', '2');
COMMIT;

SET FOREIGN_KEY_CHECKS = 1;
